PTNUM,DyadID,mth,ECR1,ECR2,ECR3,ECR4,ECR5,ECR6,ECR7,ECR8,ECR9,ECR10,ECR11,ECR12,ECR13,ECR14,ECR15,ECR16,ECR17,ECR18,ECR19,ECR20,ECR21,ECR22,ECR23,ECR24,ECR25,ECR26,ECR27,ECR28,ECR29,ECR30,ECR31,ECR32,ECR33,ECR34,ECR35,ECR36,UsrID
2222,0,0,2,3,3,4,4,4,5,5,5,5,5,5,5,5,5,5,5,5,5,5,5,5,5,5,5,5,5,5,5,5,5,5,5,5,5,5,22220
8000,0,0,3,4,7,4,5,5,1,3,1,6,4,5,1,1,7,1,1,1,5,1,7,4,1,1,1,1,5,1,7,1,4,1,1,1,4,1,80000
8000,0,3,4,4,7,4,5,5,3,3,3,3,7,3,3,3,5,3,3,3,7,3,3,3,3,3,5,3,5,3,5,3,5,5,5,3,4,3,80000
8000,0,6,2,5,5,4,5,3,5,1,4,3,4,3,3,3,5,3,3,3,5,3,3,3,4,3,5,3,5,3,5,3,5,1,5,3,5,3,80000
8000,0,9,4,5,7,3,4,3,4,3,5,3,5,3,3,3,4,3,3,3,5,3,3,5,4,3,4,3,4,3,4,3,5,3,4,3,5,3,80000
8000,1,0,4,6,5,3,7,5,1,4,2,4,4,4,2,2,4,2,1,4,4,2,7,3,3,2,4,2,4,4,2,4,4,4,4,2,3,1,80001
8000,1,3,5,1,3,7,4,5,1,4,5,7,4,7,1,2,4,4,7,4,3,6,7,4,4,6,1,2,6,2,7,2,1,1,7,1,1,1,80001
8000,1,6,5,6,4,2,2,2,4,1,4,4,1,4,4,1,4,1,1,1,1,1,7,7,5,3,1,4,1,4,1,5,4,4,4,2,1,1,80001
8000,1,9,4,7,3,4,2,4,4,2,7,4,2,6,4,NA,1,2,1,7,1,1,7,7,7,1,1,4,1,1,1,7,4,4,1,1,1,1,80001
8000,1,12,NA,NA,NA,NA,NA,NA,NA,NA,NA,NA,NA,NA,NA,NA,NA,NA,NA,NA,NA,NA,NA,NA,NA,NA,NA,NA,NA,NA,NA,NA,NA,NA,NA,NA,NA,NA,80001
8001,0,0,2,1,6,7,7,7,1,6,2,7,5,2,1,6,7,2,7,6,6,7,1,1,1,7,6,2,6,2,7,1,7,2,7,4,5,6,80010
8001,0,3,2,2,7,7,6,5,3,6,3,6,6,2,3,6,7,6,6,6,6,5,2,5,2,7,6,6,6,5,5,4,6,6,5,3,6,6,80010
8001,0,6,2,1,6,7,6,7,2,7,2,6,6,5,2,6,5,5,6,7,6,7,2,1,2,7,6,6,6,6,6,7,6,5,3,3,3,6,80010
8001,0,9,4,3,6,6,5,6,6,5,2,5,6,6,2,6,3,2,5,6,4,5,2,2,3,7,5,6,5,6,5,6,6,5,5,2,4,5,80010
8001,1,0,6,6,5,2,3,3,4,5,6,3,4,5,6,3,4,2,2,5,2,4,6,5,5,5,6,2,5,3,3,2,6,6,6,2,6,6,80011
8001,1,3,7,7,5,2,4,4,4,4,4,4,4,4,6,2,NA,1,5,4,4,4,4,4,4,4,4,4,4,4,4,4,4,4,4,4,4,4,80011
8001,1,6,4,4,4,4,4,4,4,NA,4,4,4,4,4,4,4,4,4,4,4,NA,6,5,NA,6,4,4,4,4,4,4,NA,3,NA,4,6,4,80011
8001,1,9,4,4,4,4,4,4,4,4,4,4,4,4,4,4,4,4,4,4,4,4,4,4,4,3,4,3,4,5,3,5,4,4,4,4,4,4,80011
8001,1,12,4,4,4,4,4,4,4,4,4,5,5,5,3,5,5,4,5,5,5,3,4,5,4,5,5,4,4,5,5,3,4,5,3,3,4,4,80011
8002,0,0,3,6,7,2,6,3,3,3,2,1,6,1,3,2,6,1,1,1,6,4,5,6,2,3,6,2,6,3,3,3,6,1,7,1,6,1,80020
8002,1,0,7,1,5,7,7,7,1,7,5,6,2,2,1,7,2,4,1,5,2,6,7,1,2,6,2,3,3,5,2,6,5,1,4,7,3,7,80021
8003,0,0,2,5,6,3,5,5,2,3,3,3,6,2,1,3,6,2,4,2,5,3,2,6,2,1,6,2,5,1,5,2,6,1,6,1,5,1,80030
8003,0,3,2,7,7,2,6,5,1,3,2,5,6,2,2,2,6,4,5,2,5,3,2,6,1,2,6,3,6,4,5,2,6,3,5,2,5,2,80030
8003,0,6,2,4,6,3,5,5,3,4,2,3,6,3,3,3,5,2,4,3,5,3,4,5,3,2,4,3,5,3,4,2,5,4,5,3,5,4,80030
8003,0,12,2,6,6,2,6,2,2,3,2,4,6,4,3,3,6,3,5,2,6,4,4,6,2,2,6,2,6,2,5,2,6,4,5,3,5,2,80030
8003,1,0,1,5,6,2,5,5,2,2,2,2,5,1,1,2,7,3,5,2,6,6,2,6,1,1,7,2,7,1,5,2,7,1,7,2,6,3,80031
8003,1,3,1,2,6,3,7,5,2,4,2,3,6,3,2,3,7,5,5,2,6,5,5,3,1,3,7,5,7,3,4,5,7,2,7,1,6,3,80031
8003,1,6,1,6,6,2,7,3,1,1,2,3,6,1,2,1,7,4,5,1,6,2,2,6,1,1,7,2,6,1,6,2,7,1,7,3,6,5,80031
8003,1,9,4,3,5,5,5,5,3,2,3,5,5,4,3,4,6,4,3,4,5,5,3,4,2,3,6,4,5,2,5,5,6,1,7,3,5,4,80031
8003,1,12,2,2,5,5,5,5,3,5,4,5,3,3,4,5,5,5,3,5,5,4,5,3,3,5,6,4,5,3,3,4,6,2,5,4,5,5,80031
8004,0,0,1,4,7,4,6,2,1,1,1,1,7,1,1,1,1,4,7,1,7,1,1,2,1,1,7,1,7,1,6,1,6,1,7,1,6,1,80040
8004,0,3,1,3,6,5,7,5,2,5,1,6,7,5,1,4,7,4,5,4,7,5,3,2,1,5,7,4,4,4,6,4,5,4,7,4,5,5,80040
8004,0,12,2,3,7,4,7,5,2,4,2,4,7,4,5,4,6,4,7,4,6,5,4,3,4,5,6,4,6,1,6,5,6,1,7,4,4,6,80040
8004,1,0,2,3,7,3,7,5,2,5,1,2,7,1,2,5,7,5,5,1,7,2,2,3,1,1,6,1,7,1,6,1,7,1,7,6,7,7,80041
8004,1,3,1,1,6,5,7,6,3,4,2,4,5,1,5,6,6,6,6,4,6,4,2,1,2,2,6,3,6,1,6,2,5,1,6,6,4,7,80041
8004,1,6,1,3,6,3,7,4,4,3,2,2,7,1,5,2,7,1,6,3,5,4,4,4,2,1,3,2,7,2,5,2,6,1,7,7,4,7,80041
8004,1,9,1,1,6,6,6,6,6,6,3,4,4,2,3,6,7,7,4,4,4,6,4,1,3,4,5,4,5,1,4,1,6,1,7,7,5,7,80041
8004,1,12,1,3,5,5,5,5,6,6,3,4,3,1,6,6,5,4,5,1,4,6,5,1,4,1,6,1,5,1,4,1,7,1,6,6,4,6,80041
8005,0,0,3,7,6,2,3,5,3,2,5,3,3,2,2,2,5,2,5,2,5,3,3,6,3,3,5,5,6,3,6,2,6,2,6,3,5,6,80050
8005,0,3,3,6,5,3,5,5,3,2,5,2,5,2,2,3,3,3,6,3,5,3,3,6,3,3,5,2,5,1,5,2,6,2,6,5,5,6,80050
8005,0,6,2,5,3,3,5,5,5,3,5,3,5,3,5,5,5,2,5,3,5,3,3,6,3,3,6,3,6,3,6,2,6,2,5,3,5,6,80050
8005,0,9,3,5,5,3,5,5,5,3,5,3,3,3,5,3,5,2,5,3,5,3,3,2,3,2,4,3,5,3,3,2,5,3,5,3,5,6,80050
8005,0,12,5,5,5,3,3,5,5,3,5,5,3,5,3,3,5,2,5,3,5,3,3,6,3,3,5,3,5,3,5,3,5,2,6,2,5,7,80050
8005,1,0,5,4,4,5,4,5,5,5,5,4,4,6,4,4,4,4,4,5,4,4,5,4,5,4,5,4,5,4,4,7,5,5,5,5,4,4,80051
8005,1,3,5,7,4,5,7,7,5,6,4,4,4,5,5,5,5,6,4,5,3,5,6,3,3,3,5,4,5,6,3,7,5,5,3,5,3,7,80051
8005,1,6,3,3,5,5,6,7,3,5,3,5,5,5,3,5,5,5,5,5,5,5,5,3,3,5,6,5,5,5,3,6,5,3,5,5,3,5,80051
8005,1,9,5,5,4,5,5,5,4,5,5,4,3,6,4,4,5,4,3,4,3,5,6,4,4,3,5,4,5,5,2,6,5,5,4,4,3,2,80051
8005,1,12,5,3,4,5,3,5,3,4,4,4,4,6,3,4,3,5,3,3,4,5,5,5,3,3,1,4,5,4,3,7,5,7,4,3,3,7,80051
8006,0,0,1,6,7,5,7,4,2,2,2,5,4,6,2,2,6,5,4,1,5,2,2,6,2,2,6,2,6,5,6,4,6,5,6,3,5,2,80060
8006,0,3,2,6,6,4,5,4,2,4,4,5,5,4,2,2,5,5,4,2,6,4,2,4,2,4,6,4,6,3,5,2,6,5,5,3,5,2,80060
8006,0,6,2,4,6,5,6,5,2,4,3,5,6,3,1,4,6,6,4,2,5,4,2,1,2,2,6,5,6,4,5,2,6,5,6,2,4,2,80060
8006,0,9,2,5,6,4,6,5,2,4,2,5,3,5,2,2,6,5,4,2,6,5,4,2,2,3,6,4,6,5,4,4,6,5,5,3,5,2,80060
8006,0,12,2,6,6,4,5,5,2,2,2,4,4,5,2,2,5,4,4,2,5,5,5,6,3,2,5,5,6,3,5,2,6,5,5,2,5,2,80060
8006,1,0,4,4,3,6,4,6,5,6,6,5,3,7,3,5,3,3,6,5,4,5,2,3,3,2,6,3,6,3,6,2,6,4,7,4,5,6,80061
8006,1,3,5,2,5,6,5,6,4,6,5,5,4,6,4,6,2,3,5,4,5,4,2,4,3,4,5,3,5,5,5,3,5,4,5,6,5,5,80061
8006,1,6,3,5,6,4,5,5,2,5,3,5,5,5,3,4,5,2,6,4,6,4,2,5,2,4,4,2,6,4,6,3,6,4,6,6,4,6,80061
8006,1,9,2,4,6,5,5,4,2,5,3,4,2,3,4,4,6,2,6,4,5,3,2,4,2,2,6,2,6,2,6,2,6,4,6,3,6,6,80061
8006,1,12,3,4,6,5,6,2,2,6,2,4,6,4,2,5,6,2,6,2,6,4,2,3,2,2,6,4,6,3,6,2,6,4,6,3,5,5,80061
8007,0,0,1,5,7,1,7,3,1,2,1,1,7,1,1,2,7,1,6,1,7,1,1,6,1,2,7,1,7,1,7,1,7,1,7,1,7,2,80070
8007,0,3,1,2,6,5,7,4,2,7,1,4,6,4,2,7,7,2,6,4,6,2,2,2,2,4,6,4,6,6,5,4,6,2,6,2,5,7,80070
8007,1,0,1,7,7,2,7,3,2,1,1,1,7,2,2,1,7,5,3,2,7,4,5,7,2,2,7,2,7,3,3,2,7,1,7,5,7,4,80071
8007,1,3,2,5,6,3,6,5,3,2,2,3,5,5,3,3,6,3,3,3,5,5,5,6,3,3,5,3,6,5,4,3,6,3,6,5,5,5,80071
8007,1,9,2,6,7,3,7,6,2,5,3,5,7,5,3,2,6,5,2,2,7,5,6,6,3,5,5,3,6,1,2,5,7,1,7,5,6,5,80071
8007,1,12,2,5,6,5,7,5,2,2,3,5,6,6,2,2,6,4,3,3,5,3,5,5,3,3,3,3,6,3,3,5,6,3,5,4,3,2,80071
8008,0,0,2,5,6,3,6,6,2,5,2,6,2,6,2,3,2,2,2,6,6,6,7,3,4,2,6,6,6,4,2,4,6,2,7,6,4,6,80080
8008,0,3,2,2,5,5,5,7,5,7,5,7,3,5,3,6,5,3,3,7,3,7,6,4,3,1,5,4,5,4,4,4,5,2,6,7,4,6,80080
8008,0,6,3,3,4,4,4,7,5,7,5,7,3,4,5,7,4,1,1,7,4,7,5,3,4,2,6,4,6,7,4,3,6,2,5,7,5,7,80080
8008,0,12,2,2,6,6,5,7,5,7,4,6,5,4,4,5,5,2,2,6,5,6,6,5,3,3,5,6,5,4,4,4,7,2,7,7,5,7,80080
8008,1,0,2,2,4,6,3,3,3,5,2,3,5,4,2,4,5,6,3,3,5,5,3,2,2,3,7,3,5,4,3,6,5,2,5,6,2,6,80081
8008,1,3,5,6,5,6,3,3,5,5,3,3,3,4,5,5,3,6,5,3,5,5,NA,2,3,5,5,2,6,3,7,6,6,3,6,6,6,3,80081
8008,1,6,2,4,6,3,5,3,3,5,3,4,5,5,3,3,2,4,6,2,3,3,3,2,2,2,7,5,6,4,5,3,6,3,6,3,4,7,80081
8008,1,12,2,5,4,3,3,3,3,5,3,2,4,3,4,3,5,5,5,2,3,3,3,3,3,3,3,3,4,3,4,5,4,4,4,4,3,6,80081
8009,0,0,2,3,6,4,7,7,2,5,2,4,6,4,2,5,6,3,4,4,6,5,3,6,3,3,6,5,6,2,5,2,7,4,6,5,5,6,80090
8009,0,3,3,4,5,4,6,5,3,4,2,3,5,6,3,5,6,3,5,4,5,5,4,4,3,2,6,5,6,3,5,3,6,2,6,6,5,5,80090
8009,0,6,3,5,5,5,6,5,4,5,3,5,5,5,3,4,5,4,5,4,5,5,3,4,3,3,5,5,5,4,5,3,6,5,6,5,4,5,80090
8009,0,9,3,6,5,6,6,5,2,4,3,4,5,6,3,4,6,5,3,4,4,4,3,5,2,1,5,6,5,5,4,3,7,5,6,5,3,4,80090
8009,0,12,3,5,4,6,5,5,4,5,3,5,4,5,3,3,5,3,4,4,4,4,4,5,3,2,6,4,6,4,4,2,6,4,5,5,3,5,80090
8009,1,0,5,3,5,6,5,6,6,5,4,4,4,4,5,5,5,6,5,5,5,6,3,3,4,5,5,4,5,4,3,3,6,6,5,6,5,7,80091
8009,1,3,4,3,4,6,3,5,6,6,4,3,4,4,5,5,4,3,4,3,4,4,6,3,4,5,4,4,5,5,4,3,5,3,5,5,5,6,80091
8009,1,6,3,4,5,5,4,5,4,4,4,3,5,3,5,5,5,5,3,4,5,5,5,3,3,3,5,3,5,4,3,2,5,2,5,5,5,6,80091
8009,1,9,4,5,4,5,3,4,5,5,4,4,3,2,6,3,6,4,5,3,5,3,6,3,5,4,5,4,5,3,4,3,5,5,5,4,5,6,80091
8009,1,12,4,4,5,5,3,3,5,3,4,3,3,2,4,3,5,2,5,4,5,3,6,5,3,2,5,3,5,2,3,3,5,2,5,3,4,5,80091
8010,0,0,4,4,6,4,5,2,2,2,2,1,6,1,2,1,5,2,5,2,5,2,2,6,2,2,5,2,5,6,5,2,5,7,5,2,4,2,80100
8010,1,0,2,4,6,5,7,6,2,5,2,4,6,5,2,4,6,3,5,2,6,4,4,3,1,2,6,4,6,4,4,3,6,2,6,3,5,5,80101
8010,1,3,1,6,6,3,6,3,2,2,2,2,6,2,2,2,7,3,3,1,6,4,5,5,2,1,7,3,7,2,5,2,7,1,6,2,5,2,80101
8010,1,9,1,5,6,2,6,5,1,2,2,4,6,3,2,2,2,3,4,2,5,5,3,5,2,2,7,2,7,2,5,2,7,2,6,NA,5,4,80101
8010,1,12,2,6,6,2,7,3,2,2,2,2,6,3,2,2,6,3,4,2,6,3,4,5,2,2,6,2,6,3,5,1,6,2,6,2,5,5,80101
8011,0,0,5,5,5,3,5,3,5,2,3,2,2,2,1,2,5,3,2,3,5,3,2,3,3,2,4,3,3,2,2,2,6,2,2,2,5,2,80110
8011,0,3,5,4,3,4,4,3,5,5,4,4,3,4,5,5,4,3,3,5,5,4,5,4,3,4,5,5,3,4,4,5,5,3,4,3,4,4,80110
8011,0,6,5,5,6,4,3,5,4,5,3,4,5,5,3,3,5,5,3,6,5,3,5,2,3,5,6,5,5,3,3,5,3,5,4,2,5,5,80110
8011,0,9,4,5,4,3,4,3,4,5,5,5,4,3,4,5,4,5,4,4,3,4,4,5,5,4,4,3,2,3,4,4,4,5,5,4,5,4,80110
8011,1,0,1,4,7,4,7,5,1,5,1,3,7,2,1,4,7,1,5,1,7,1,1,2,1,2,7,1,7,2,4,1,7,1,7,1,5,1,80111
8011,1,3,1,5,7,4,7,4,1,3,1,1,1,1,1,3,7,1,7,1,7,1,1,7,1,2,7,1,7,2,7,1,7,1,7,1,7,2,80111
8011,1,6,1,5,7,3,7,2,1,2,1,1,7,1,1,2,7,1,7,1,7,1,1,2,1,2,7,1,7,1,7,1,7,1,7,1,7,1,80111
8011,1,9,1,5,7,5,7,1,1,2,1,1,7,1,1,2,7,2,7,1,7,1,7,5,1,3,7,1,7,2,7,1,7,2,7,1,6,2,80111
8011,1,12,1,2,7,5,7,4,1,2,1,1,7,2,1,2,7,1,7,1,7,1,1,7,1,2,7,1,7,1,7,1,7,2,7,1,6,1,80111
8012,1,0,7,2,7,5,6,6,2,5,1,2,5,5,2,5,5,6,5,7,5,5,3,2,1,6,7,3,7,7,6,4,7,2,7,7,5,6,80121
8013,0,0,1,1,7,1,4,2,1,1,1,1,7,1,1,1,7,1,7,1,7,1,1,1,7,1,7,1,7,1,7,1,4,1,7,1,4,1,80130
8013,0,3,1,1,7,1,7,1,1,1,1,1,7,4,1,1,7,1,7,1,7,1,1,7,1,1,7,1,7,1,7,1,7,1,7,1,4,1,80130
8013,0,6,4,1,7,1,7,1,1,1,1,4,1,4,1,1,7,4,4,4,7,1,1,1,1,1,7,1,7,1,7,1,7,4,7,1,4,1,80130
8013,0,9,2,1,7,4,4,1,1,1,1,4,4,4,1,1,7,1,4,1,4,4,4,7,1,1,6,1,7,1,4,1,4,4,6,1,4,1,80130
8013,0,12,4,4,4,4,4,4,4,4,4,4,4,4,4,4,4,4,4,4,4,4,4,4,4,4,4,4,4,4,4,4,4,4,4,4,4,4,80130
8013,1,0,1,3,3,4,3,4,4,6,5,4,4,5,1,4,4,1,4,3,3,1,1,1,3,4,2,1,4,1,1,4,4,1,2,1,7,7,80131
8013,1,3,1,4,4,4,7,6,6,5,1,4,3,3,4,4,3,4,4,3,5,1,1,4,1,5,4,1,4,2,4,4,5,3,7,1,5,5,80131
8013,1,6,7,1,4,5,2,7,6,7,4,6,4,6,6,7,2,7,6,6,2,4,1,1,2,7,3,1,2,6,3,4,3,6,5,6,1,7,80131
8013,1,9,4,5,3,4,2,6,7,5,3,4,3,5,4,5,1,4,7,5,4,4,4,2,4,5,4,2,1,4,6,4,2,4,4,4,3,5,80131
8013,1,12,3,2,3,4,4,4,6,4,4,7,1,7,4,5,3,1,7,6,3,7,4,6,3,6,3,3,3,3,3,3,4,4,4,2,3,5,80131
8014,0,0,1,7,7,1,7,1,1,1,1,1,7,1,1,1,7,1,5,1,7,1,1,7,1,1,7,1,7,1,7,1,7,2,7,1,6,3,80140
8014,0,3,1,7,7,1,6,1,1,1,1,1,7,1,1,1,7,1,6,2,7,1,1,7,1,2,6,1,7,1,7,1,7,1,7,1,6,1,80140
8014,0,6,1,7,7,1,6,1,1,1,1,1,1,1,1,1,7,1,6,2,6,1,1,7,1,1,7,1,7,1,7,1,7,1,7,1,6,2,80140
8014,0,9,1,7,7,1,7,1,1,1,1,1,7,1,1,1,6,1,6,1,7,1,1,7,1,1,7,1,7,1,6,1,7,1,7,1,6,1,80140
8014,0,12,1,7,7,1,6,1,1,1,1,1,7,1,1,1,7,1,7,1,7,1,7,7,1,1,7,1,7,1,7,1,7,1,7,1,7,2,80140
8014,1,0,1,2,7,3,7,1,1,6,1,1,7,1,1,5,7,1,5,1,7,1,2,3,1,6,7,1,7,2,6,1,7,1,7,2,6,5,80141
8014,1,3,1,3,7,2,7,1,1,5,1,1,7,1,1,5,7,1,6,1,7,1,2,4,1,4,7,1,7,2,6,1,7,1,7,2,7,4,80141
8014,1,6,1,3,7,2,7,1,1,4,1,1,7,1,1,3,7,1,6,1,7,1,2,3,1,5,7,1,7,2,6,1,7,1,7,2,7,2,80141
8014,1,9,1,3,7,3,7,1,1,5,1,1,7,1,1,5,7,1,7,1,7,1,1,3,1,2,7,1,7,1,7,1,7,1,7,2,7,3,80141
8014,1,12,1,5,7,2,7,1,1,3,1,1,7,1,1,3,7,1,7,1,7,1,1,2,1,2,7,1,7,1,7,1,7,1,7,1,7,2,80141
8015,0,0,6,1,6,5,1,1,1,1,1,1,7,1,1,1,5,1,4,2,1,1,1,7,1,2,6,1,6,1,7,1,6,1,6,1,6,1,80150
8015,0,3,3,2,7,5,7,1,2,1,1,1,7,1,1,4,7,1,6,1,6,1,1,1,1,1,6,1,7,1,7,1,7,1,7,1,7,1,80150
8015,0,6,1,1,7,1,6,1,1,1,1,6,1,6,1,1,5,1,4,2,4,1,1,1,1,2,6,1,6,1,4,1,6,1,6,1,6,1,80150
8015,0,9,3,1,6,4,4,4,1,4,1,4,4,4,1,3,4,1,4,4,1,4,2,4,1,1,4,2,4,4,4,4,4,4,4,1,4,1,80150
8015,0,12,4,5,4,3,3,2,2,1,4,4,3,4,2,2,4,2,1,1,4,2,6,4,2,1,4,2,4,2,1,2,4,2,4,1,4,1,80150
8015,1,0,4,4,4,4,4,4,4,4,4,4,4,4,4,4,4,4,4,4,4,4,4,4,4,4,4,4,4,4,4,4,4,4,5,4,4,4,80151
8015,1,3,4,4,4,4,4,4,1,4,4,7,4,4,1,4,7,1,1,4,4,4,4,1,4,7,1,4,2,2,4,4,2,1,3,4,2,1,80151
8015,1,6,4,1,4,4,4,4,1,1,4,4,1,1,1,1,3,4,1,1,4,4,1,4,4,4,1,4,1,1,1,1,3,1,4,4,3,4,80151
8015,1,9,7,4,4,4,4,4,1,1,7,4,4,4,1,4,1,4,1,4,4,4,4,1,4,7,4,4,1,1,1,1,1,4,4,4,1,4,80151
8015,1,12,5,4,4,4,1,5,4,4,4,4,1,2,6,1,1,1,1,1,1,6,6,7,4,4,1,4,1,1,7,4,4,1,4,4,3,1,80151
8016,0,0,1,5,5,5,5,6,2,2,1,5,5,3,1,5,7,5,5,3,5,5,1,5,1,5,7,2,7,2,5,5,6,5,7,3,5,5,80160
8016,0,3,1,5,5,5,6,6,2,2,2,2,5,2,2,2,5,5,5,2,5,5,2,5,2,5,5,5,5,2,5,2,5,2,6,5,5,5,80160
8016,0,6,1,6,6,6,6,5,1,2,2,5,6,2,1,5,6,6,6,3,6,5,2,2,2,2,6,2,6,2,6,3,6,5,6,2,5,6,80160
8016,0,9,2,2,6,5,7,5,1,5,2,5,2,2,1,3,6,3,6,2,6,5,1,5,1,2,6,3,6,2,6,1,6,3,7,1,6,7,80160
8016,1,0,2,3,7,4,6,3,1,2,1,2,7,4,1,2,7,1,4,1,7,2,4,5,2,1,7,1,7,5,5,1,7,1,7,1,7,6,80161
8016,1,3,2,4,7,5,6,3,1,5,2,1,6,5,1,5,6,1,4,1,6,2,2,3,2,4,7,1,6,6,6,1,6,1,7,1,6,6,80161
8016,1,6,2,6,7,2,7,2,1,1,1,2,7,4,1,2,6,2,5,1,6,2,2,6,1,3,6,2,6,5,6,2,6,2,6,1,6,6,80161
8016,1,9,2,2,6,4,7,2,1,6,2,5,6,4,2,5,6,2,6,4,5,2,2,4,3,4,6,2,5,5,5,2,6,2,6,1,6,7,80161
8016,1,12,2,6,7,6,7,2,1,2,1,2,6,4,2,2,6,2,6,2,5,3,2,5,2,4,6,4,6,2,6,2,6,2,6,2,4,6,80161
8017,0,0,1,6,7,3,7,2,1,2,1,2,6,5,1,3,7,1,5,1,6,1,2,1,1,1,7,1,7,5,5,2,7,1,7,1,5,6,80170
8017,0,3,1,6,7,2,7,3,1,5,1,4,6,5,1,4,7,1,3,4,6,3,5,3,1,2,7,3,7,5,4,5,6,5,6,5,3,5,80170
8017,0,6,1,3,7,5,7,5,1,5,1,5,6,5,1,5,6,3,4,5,5,2,4,5,1,4,6,5,7,5,4,2,7,5,4,5,3,6,80170
8017,0,9,1,5,7,2,7,5,1,5,1,3,7,5,1,5,7,1,5,5,7,5,5,7,1,1,7,1,7,2,4,5,7,5,5,1,4,4,80170
8017,1,0,3,7,5,2,4,6,2,2,2,6,5,6,2,2,5,4,4,1,5,2,2,6,3,1,5,2,5,2,4,4,4,6,6,5,4,2,80171
8017,1,3,5,6,5,2,4,2,2,2,2,2,5,5,2,5,4,2,5,2,4,2,5,6,4,1,4,2,5,3,3,2,5,6,4,5,4,3,80171
8017,1,6,3,7,4,2,4,3,3,2,2,4,4,4,1,2,3,2,5,1,4,2,4,6,4,1,4,3,3,4,4,2,3,6,4,5,3,2,80171
8017,1,9,4,7,4,4,3,4,4,1,4,4,4,4,4,1,4,4,4,2,4,4,6,4,4,1,2,4,3,4,1,4,5,6,4,4,3,4,80171
8017,1,12,3,7,4,2,5,2,4,2,2,4,5,6,2,1,5,4,2,2,4,2,4,6,4,1,5,4,3,4,2,4,4,6,4,5,2,5,80171
8018,0,0,5,5,5,4,5,5,2,2,2,4,5,2,2,2,5,4,4,2,5,2,5,5,3,3,4,5,5,2,4,2,6,2,5,2,5,2,80180
8018,1,0,3,5,5,3,6,5,2,3,3,2,6,5,3,3,5,5,4,2,5,5,5,5,2,3,5,3,6,1,4,3,5,2,5,3,5,5,80181
8019,0,0,2,2,6,5,6,3,1,2,2,2,6,5,1,1,6,3,6,3,6,2,2,6,2,2,6,5,6,2,6,2,6,2,6,2,6,2,80190
8019,0,3,3,4,5,5,5,4,3,4,3,4,4,3,3,3,3,3,4,4,5,3,4,3,3,3,5,4,5,5,4,7,5,4,4,3,4,5,80190
8019,0,6,3,5,5,4,5,3,3,3,3,4,5,3,3,3,5,3,5,3,3,3,3,5,3,3,5,3,5,3,5,3,5,3,5,3,5,3,80190
8019,0,9,2,6,6,5,6,6,3,3,3,3,5,3,3,3,4,3,5,3,5,3,5,3,3,3,5,3,5,5,5,3,5,3,5,3,5,3,80190
8019,1,0,1,7,6,1,6,1,4,1,1,1,7,5,2,2,6,1,7,1,7,1,1,7,4,1,7,1,7,5,7,5,7,1,6,1,7,4,80191
8019,1,3,1,6,4,1,6,1,4,1,1,1,5,5,1,1,7,5,5,1,5,1,1,6,1,1,7,1,7,5,4,4,7,1,7,1,7,5,80191
8019,1,6,1,7,6,1,7,1,1,1,1,1,7,1,1,1,7,1,4,1,7,1,5,7,1,1,6,4,7,5,4,4,7,1,5,1,7,1,80191
8019,1,9,1,7,5,1,6,1,3,1,1,1,4,5,2,1,6,1,1,1,6,1,6,7,2,1,6,1,7,7,2,4,7,1,6,1,4,1,80191
8019,1,12,1,7,6,1,7,1,2,1,1,1,7,5,1,1,7,1,3,1,7,1,6,7,1,1,6,1,7,7,2,1,7,1,5,1,5,4,80191
8020,0,0,2,2,6,3,6,2,2,2,2,2,2,2,2,2,6,2,6,2,6,1,1,1,1,1,6,2,6,1,7,1,6,2,6,1,7,1,80200
8020,0,3,2,6,6,2,6,2,2,1,1,1,6,4,1,1,1,1,7,1,6,2,2,6,1,1,6,1,6,1,6,1,6,1,7,1,6,1,80200
8020,0,6,2,6,6,2,6,1,1,1,1,1,1,3,1,1,7,1,6,1,7,1,1,6,1,1,6,1,6,1,6,1,7,1,7,1,5,1,80200
8020,0,9,2,6,6,4,6,2,2,2,2,2,6,2,2,2,7,2,7,2,7,2,2,5,2,2,6,2,6,2,7,2,7,2,7,2,7,2,80200
8020,0,12,2,6,6,3,6,2,2,2,2,2,6,2,1,1,6,1,6,1,6,1,1,6,2,2,7,1,7,1,6,1,7,1,7,1,6,1,80200
8020,1,0,3,2,4,4,4,4,4,5,4,5,5,4,4,5,5,3,4,1,6,1,1,1,1,5,6,2,6,1,6,2,6,4,6,1,4,4,80201
8020,1,3,3,4,5,2,7,2,1,4,1,3,7,1,1,3,1,2,6,2,7,2,2,5,1,4,7,2,7,1,7,2,7,1,7,1,6,5,80201
8020,1,6,1,4,7,2,7,2,1,4,1,2,7,1,1,2,7,2,7,1,7,1,1,6,1,4,7,1,7,1,7,1,7,1,7,1,5,6,80201
8020,1,9,1,3,7,4,7,1,1,4,1,1,7,1,1,1,7,1,7,1,7,1,1,1,1,3,7,1,7,1,7,1,7,1,7,1,7,5,80201
8020,1,12,1,6,7,3,7,1,1,4,1,4,7,1,1,2,7,2,7,1,7,1,1,4,1,4,7,1,7,1,7,1,7,1,7,1,7,5,80201
8021,0,0,3,3,6,4,6,5,2,4,3,4,6,4,2,5,5,5,3,3,6,4,5,5,2,4,5,4,5,2,3,3,5,2,5,3,4,4,80210
8021,0,3,2,6,6,2,7,1,2,2,2,2,7,1,1,2,6,2,4,2,6,3,4,7,3,2,6,2,6,1,4,3,6,1,6,2,6,2,80210
8021,0,6,3,6,6,3,6,2,2,2,5,2,6,2,1,2,6,4,4,2,6,3,4,6,2,2,6,2,5,1,5,3,6,1,5,5,6,4,80210
8021,0,9,3,7,7,2,7,1,1,1,2,1,7,1,1,1,6,3,5,1,6,3,4,6,2,2,6,2,6,1,3,2,6,1,6,2,7,5,80210
8021,0,12,2,6,6,3,6,2,1,2,3,4,7,3,2,2,6,2,4,2,6,2,4,6,2,3,6,2,6,1,4,2,6,1,5,2,6,5,80210
8021,1,0,1,2,2,6,6,6,2,5,4,4,6,6,4,6,6,6,2,4,5,7,6,1,2,7,5,5,6,2,1,5,6,2,6,7,7,7,80211
8021,1,3,5,2,6,6,7,6,2,6,6,1,6,2,2,6,6,5,5,4,5,6,4,2,2,5,6,2,6,2,3,3,6,2,6,6,6,7,80211
8021,1,6,7,2,2,6,7,7,4,7,6,1,2,2,4,7,6,6,6,3,3,7,4,1,4,5,7,1,5,1,1,5,7,5,7,7,7,7,80211
8021,1,9,5,2,3,7,7,7,2,7,6,1,5,1,4,7,5,7,7,5,5,7,3,2,4,5,7,2,7,2,5,5,5,5,7,7,7,7,80211
8021,1,12,5,2,3,7,3,7,5,7,5,4,5,2,5,7,6,5,4,5,5,7,4,2,4,5,6,4,7,2,4,5,7,2,7,7,4,7,80211
8022,0,0,2,7,6,2,4,1,2,2,2,1,6,1,1,1,6,1,6,1,6,1,1,7,1,1,7,1,7,2,6,1,7,1,7,1,6,5,80220
8022,0,3,2,7,6,1,3,1,2,2,2,1,6,1,5,1,6,1,5,1,7,1,2,7,2,1,7,1,7,2,5,1,7,1,7,1,6,5,80220
8022,0,6,1,7,6,1,6,1,1,1,2,1,6,2,2,1,6,1,6,1,6,1,1,7,2,1,6,1,7,1,6,1,7,1,7,1,6,1,80220
8022,0,9,1,7,6,2,6,2,2,2,2,1,6,1,2,1,6,1,5,1,1,1,2,7,1,1,7,1,7,1,6,1,7,1,7,1,6,4,80220
8022,0,12,2,7,6,1,5,1,1,2,3,1,6,1,2,1,6,1,5,1,6,1,5,7,1,1,7,1,7,1,6,1,7,1,7,2,6,6,80220
8022,1,0,7,2,6,2,6,2,2,3,1,1,6,2,2,2,7,2,5,2,6,2,2,2,1,2,7,2,6,2,5,2,7,2,7,2,7,5,80221
8022,1,3,2,3,5,3,5,5,3,3,3,3,5,3,2,5,3,2,5,2,6,3,3,5,2,3,6,3,7,2,5,5,7,1,7,3,6,7,80221
8022,1,6,2,5,5,3,5,3,3,5,3,3,5,3,3,3,5,4,5,3,5,3,4,4,2,2,6,3,5,2,5,4,5,1,7,1,6,5,80221
8022,1,9,1,3,5,2,5,5,2,5,2,2,5,2,2,4,5,3,5,4,5,5,3,4,2,3,7,2,5,2,5,2,5,1,7,3,6,6,80221
8022,1,12,3,5,5,3,5,3,3,3,3,3,5,3,3,3,5,3,5,4,5,3,3,5,3,3,5,3,5,3,5,3,5,3,5,3,5,4,80221
8023,0,0,1,6,7,1,7,6,1,3,1,7,7,4,1,1,7,1,5,3,7,7,1,7,1,1,7,3,7,1,5,3,7,1,7,2,4,5,80230
8023,0,3,1,5,7,2,7,4,1,2,2,4,7,4,1,2,7,4,7,3,7,4,1,3,1,2,7,3,7,1,7,1,7,1,7,1,5,2,80230
8023,0,6,1,5,7,2,7,2,1,1,1,5,7,4,1,1,7,3,7,2,7,3,2,6,1,3,7,2,7,1,7,3,7,1,7,1,5,4,80230
8023,0,9,1,7,7,2,7,5,1,2,1,5,7,3,1,3,7,5,7,2,7,2,1,7,7,2,7,2,7,1,7,1,7,1,7,2,6,6,80230
8023,1,0,5,7,7,4,7,1,1,1,1,1,1,1,1,6,7,6,7,1,7,1,1,7,1,5,7,1,7,1,7,1,7,1,7,5,7,7,80231
8023,1,3,1,1,7,1,7,1,1,1,1,1,1,1,1,1,7,1,7,1,7,1,1,1,1,1,7,1,7,1,7,1,7,1,7,1,7,1,80231
8023,1,6,1,7,7,1,7,1,1,1,1,1,7,1,1,1,7,1,7,1,7,1,1,1,1,1,7,1,7,1,7,1,7,1,7,1,7,4,80231
8023,1,9,7,1,7,1,7,1,1,1,1,1,1,1,1,1,7,1,7,1,7,1,1,1,1,1,7,1,7,1,7,1,7,1,7,1,7,1,80231
8023,1,12,1,1,7,1,7,1,1,1,1,1,1,1,1,1,1,1,7,1,7,1,1,1,1,1,7,1,7,1,1,1,7,1,7,1,7,1,80231
8024,0,0,5,3,5,5,6,4,4,5,6,2,3,2,4,6,3,2,5,2,4,3,4,3,5,2,3,3,5,1,4,5,5,1,6,6,5,6,80240
8024,0,3,5,2,5,3,7,5,4,5,5,4,4,5,4,6,4,2,5,4,5,4,4,3,5,1,5,3,5,2,5,6,5,2,6,5,5,6,80240
8024,0,6,2,6,6,6,7,6,2,4,5,4,3,5,2,5,5,2,4,5,5,5,5,2,3,4,5,3,3,2,5,5,6,2,6,6,5,6,80240
8024,0,9,5,3,3,5,5,5,5,5,5,4,3,5,5,5,3,2,3,4,3,4,3,3,4,3,5,4,5,5,4,5,5,4,5,5,3,5,80240
8024,0,12,4,3,4,5,6,5,4,5,5,4,5,5,3,5,3,3,5,5,5,5,5,3,4,3,4,4,5,5,5,5,5,4,5,6,5,6,80240
8024,1,0,5,5,4,5,5,5,4,4,5,4,3,1,5,3,5,1,2,2,2,5,7,2,4,1,5,2,4,5,2,4,5,4,3,2,5,4,80241
8024,1,3,5,6,5,7,3,7,6,5,5,4,3,2,6,5,5,1,1,5,2,3,7,7,5,3,5,2,5,7,1,5,5,5,3,5,3,7,80241
8024,1,6,5,6,3,6,3,6,5,7,6,6,2,3,6,5,4,1,1,3,2,5,7,7,5,2,5,2,6,7,1,4,6,5,5,4,3,7,80241
8024,1,9,5,5,3,7,3,6,5,7,6,6,3,2,6,6,3,4,1,5,2,6,7,2,5,5,2,6,5,7,1,2,5,5,4,5,2,5,80241
8024,1,12,3,7,2,7,3,6,5,4,5,5,3,2,6,6,3,1,2,4,2,5,7,6,4,2,5,2,5,7,1,3,5,6,3,3,3,6,80241
8025,1,0,1,5,7,3,5,4,3,3,2,2,6,1,5,3,5,2,5,3,5,3,2,6,3,3,6,2,6,4,5,2,5,3,5,2,4,3,80251
8026,0,0,2,5,6,5,6,4,2,2,2,4,5,1,2,2,6,2,5,3,5,4,2,6,1,2,6,3,6,2,5,4,6,1,5,2,6,6,80260
8026,0,3,2,6,6,4,7,4,1,4,2,2,6,1,1,4,7,1,5,2,6,4,2,6,1,2,7,4,5,1,6,1,7,1,6,1,6,5,80260
8026,0,6,2,4,6,5,6,5,1,4,2,4,6,1,1,5,6,2,3,4,6,3,6,4,1,4,6,4,6,1,3,4,6,1,4,3,6,5,80260
8026,0,9,3,3,6,5,7,4,2,4,4,4,6,1,1,4,6,1,4,4,6,2,4,4,1,4,6,2,6,1,4,4,7,1,6,3,6,6,80260
8026,0,12,4,5,7,4,7,4,2,2,1,5,6,1,2,5,6,1,5,4,6,4,5,4,1,2,7,2,6,3,5,2,7,1,6,4,6,6,80260
8026,1,0,1,6,7,5,6,5,5,2,5,2,3,1,5,5,6,1,3,2,5,7,5,5,4,1,6,4,6,1,4,1,7,1,6,2,4,6,80261
8026,1,3,5,5,2,5,2,5,6,5,6,4,2,5,6,4,3,1,1,3,2,5,6,5,4,1,5,2,5,3,1,1,6,1,5,6,4,7,80261
8026,1,6,3,7,5,4,3,6,5,5,5,4,2,1,5,4,2,2,2,3,3,5,5,6,5,2,5,4,5,5,2,1,5,1,5,7,4,7,80261
8026,1,9,3,7,3,3,3,6,5,4,5,5,2,3,5,5,4,1,2,4,3,5,5,3,5,1,5,4,3,5,2,1,5,1,5,7,5,7,80261
8026,1,12,5,3,2,5,4,6,5,4,5,5,3,1,5,5,5,2,2,4,2,5,5,5,4,1,6,3,5,4,3,1,6,1,5,5,3,7,80261
8027,0,0,6,1,3,4,2,4,5,5,5,6,3,4,4,6,3,1,3,6,3,4,5,2,2,5,7,2,6,1,3,1,6,1,6,4,6,7,80270
8027,0,3,6,2,6,2,6,6,2,4,5,4,4,2,2,5,6,1,5,4,3,4,3,2,2,4,5,4,6,4,5,2,6,2,6,1,1,4,80270
8027,0,9,6,3,6,4,3,7,6,4,5,7,2,4,2,6,6,1,6,5,4,6,2,4,2,4,5,2,2,2,6,1,6,2,6,2,6,1,80270
8027,0,12,4,7,7,3,7,1,1,1,2,1,7,1,1,1,5,1,7,1,7,1,1,7,1,1,6,5,5,1,6,1,7,1,7,1,6,2,80270
8027,1,0,5,3,7,5,7,1,1,5,1,1,6,1,1,5,7,1,7,1,7,5,7,1,1,1,7,1,7,1,7,1,7,1,7,5,7,5,80271
8027,1,3,5,2,6,6,7,6,4,6,4,1,4,1,5,4,6,1,4,2,5,4,4,2,4,2,7,2,5,1,1,1,7,5,6,4,6,6,80271
8027,1,9,6,6,7,4,7,5,5,7,1,1,7,1,1,7,7,1,7,5,7,1,1,1,1,4,7,1,4,1,5,1,7,1,7,7,7,7,80271
8027,1,12,4,3,6,5,7,6,4,1,5,4,1,1,4,4,7,3,4,1,7,4,5,1,4,1,7,1,6,1,4,2,7,1,5,6,7,7,80271
8028,0,0,2,7,7,1,7,1,1,1,1,1,7,1,1,1,6,1,2,1,7,1,1,7,1,1,6,1,6,1,7,1,6,1,7,6,6,1,80280
8028,0,3,4,6,6,2,6,1,1,1,1,1,7,1,1,1,7,2,6,1,7,1,1,7,1,1,6,2,6,2,6,2,6,2,6,2,6,2,80280
8028,0,6,1,7,7,2,2,1,2,1,2,2,2,2,2,2,6,2,6,2,6,2,1,6,1,1,6,2,6,2,6,1,6,2,6,1,6,1,80280
8028,0,9,1,1,7,1,7,1,1,1,1,1,7,1,1,1,4,1,7,1,7,1,1,7,1,1,5,1,4,1,7,1,5,1,6,1,6,4,80280
8028,0,12,4,7,7,1,7,1,1,1,4,1,7,1,1,1,4,1,7,1,7,1,1,7,1,1,4,1,4,1,7,1,6,1,7,1,7,4,80280
8028,1,0,1,2,7,4,7,4,1,7,1,5,4,5,1,7,4,1,4,4,4,4,4,4,1,7,5,1,5,4,4,2,5,2,4,1,4,6,80281
8028,1,3,1,4,7,4,7,2,1,4,1,4,7,4,1,4,5,1,4,4,7,1,6,1,1,4,5,1,7,4,3,2,5,4,5,4,4,6,80281
8028,1,6,1,5,7,2,7,1,1,1,7,4,7,1,1,1,7,1,4,1,7,1,7,4,1,4,7,1,7,4,4,1,7,1,6,1,6,7,80281
8028,1,9,1,5,7,2,7,2,1,1,1,4,7,4,1,1,5,1,4,1,5,3,7,4,1,3,5,1,5,3,1,1,5,3,5,1,4,5,80281
8028,1,12,1,5,7,1,7,1,1,1,1,1,7,1,1,1,6,1,5,1,7,1,6,4,1,1,6,1,6,1,5,1,5,1,6,1,6,5,80281
8029,0,0,7,7,4,2,5,5,4,1,4,1,4,1,4,1,7,5,7,6,4,4,6,7,3,1,2,7,4,1,4,1,5,1,2,2,1,1,80290
8029,0,3,5,7,3,1,4,3,1,1,5,2,5,4,4,1,6,7,3,7,6,3,7,7,4,5,1,1,3,1,4,5,4,1,4,1,4,1,80290
8029,0,6,4,7,2,1,1,1,1,1,5,1,1,1,5,1,3,1,2,1,5,1,6,7,4,6,1,1,4,1,5,1,3,3,1,1,6,1,80290
8029,0,9,4,7,6,1,7,1,4,1,6,4,5,1,6,1,1,1,1,1,6,1,7,7,6,1,2,1,3,1,4,1,5,1,4,1,6,1,80290
8029,0,12,5,7,3,1,5,1,4,1,1,1,1,1,3,1,2,1,2,1,5,1,1,7,4,1,1,1,2,1,1,1,4,1,1,1,5,1,80290
8029,1,0,1,1,7,7,7,6,1,6,1,7,7,7,1,6,7,5,7,4,7,4,1,1,1,2,5,3,7,5,7,3,7,2,7,2,5,7,80291
8029,1,3,1,5,7,6,7,5,1,4,1,3,7,5,1,5,7,3,7,1,7,3,1,1,1,1,6,2,7,1,7,1,7,1,7,2,6,6,80291
8029,1,6,1,3,7,7,7,4,1,3,1,2,7,5,1,2,7,5,7,3,7,2,1,3,1,1,7,2,7,3,7,2,7,2,7,1,4,4,80291
8029,1,9,1,5,7,7,7,4,1,3,1,4,7,7,1,4,7,5,7,5,7,4,1,1,1,4,6,5,7,4,7,2,7,1,7,2,5,6,80291
8029,1,12,1,2,7,6,7,6,1,2,1,7,7,7,1,2,7,4,6,3,7,2,1,1,1,1,6,4,7,4,7,3,7,2,7,1,5,5,80291
8030,0,0,4,7,6,5,3,2,3,1,4,1,5,1,4,1,5,4,6,1,5,3,1,6,2,1,6,1,6,1,6,1,6,1,7,1,7,7,80300
8030,0,3,4,7,6,5,5,4,2,1,4,1,2,4,5,1,5,4,5,1,5,2,4,6,2,1,6,1,6,5,4,2,6,2,6,5,7,7,80300
8030,0,6,2,7,6,6,5,4,3,1,2,1,6,1,4,1,6,4,6,1,6,2,2,6,2,1,7,2,6,2,6,2,6,2,6,2,6,7,80300
8030,0,9,2,6,5,5,6,2,2,2,3,2,6,1,2,2,5,5,5,2,6,3,4,5,2,2,6,2,6,2,6,2,6,2,6,3,7,6,80300
8030,0,12,2,7,6,3,6,1,2,1,2,1,3,1,2,1,6,2,6,1,6,1,2,7,2,1,7,1,6,2,6,1,6,2,7,1,7,7,80300
8030,1,0,1,4,6,5,6,5,2,3,2,2,6,2,2,6,6,2,6,6,6,5,5,6,2,3,6,3,6,2,6,2,6,2,7,1,7,5,80301
8030,1,3,6,3,6,5,6,5,2,5,2,2,6,2,2,2,6,2,6,2,6,2,6,2,2,2,6,2,6,2,6,2,6,1,6,2,5,6,80301
8030,1,6,2,4,6,2,5,5,2,5,2,2,6,2,2,4,6,2,6,3,5,5,3,5,2,3,5,2,6,2,6,2,6,1,6,6,6,5,80301
8030,1,9,2,6,6,4,6,6,2,5,2,4,5,3,2,5,6,3,5,5,5,5,3,6,2,3,6,2,6,3,6,3,6,2,5,4,6,7,80301
8030,1,12,2,3,6,6,6,6,2,5,2,2,2,2,2,5,6,5,6,5,6,5,3,6,2,4,6,2,6,3,6,2,6,2,6,5,6,7,80301
8031,0,0,2,4,7,5,7,5,1,5,1,5,7,1,1,7,1,4,2,4,6,4,5,2,7,5,7,2,6,2,3,4,6,1,6,5,6,7,80310
8031,0,3,1,3,7,5,7,7,2,6,2,6,6,4,4,6,7,7,3,5,7,4,7,5,1,5,7,2,4,6,6,6,7,1,7,6,7,7,80310
8031,1,0,4,4,5,4,6,4,2,5,2,5,6,2,2,5,3,7,5,2,6,4,3,1,1,2,5,6,6,2,5,4,7,1,7,7,5,4,80311
8031,1,3,3,6,7,6,7,2,1,2,2,2,6,4,1,2,5,6,3,1,5,3,5,3,2,2,6,5,5,3,3,6,6,1,5,3,7,2,80311
8031,1,12,1,1,7,6,6,6,1,7,2,5,7,5,1,7,7,6,5,5,6,7,2,1,1,2,7,5,7,4,5,5,6,2,6,6,5,6,80311
8032,0,0,4,5,4,4,6,5,3,2,3,2,5,2,2,2,5,2,4,2,4,3,2,4,2,1,6,1,7,1,4,2,7,1,6,2,6,5,80320
8032,0,3,2,4,5,3,6,5,2,2,2,4,2,1,2,4,6,2,4,1,4,4,3,5,2,1,6,1,6,1,5,2,6,1,6,3,6,5,80320
8032,0,6,3,7,5,4,6,4,3,2,3,3,4,2,4,1,6,3,4,2,5,3,3,5,2,1,5,2,6,1,5,2,6,1,6,6,7,4,80320
8032,1,0,2,3,7,4,6,3,2,3,1,1,7,5,2,2,6,1,7,1,6,4,2,3,1,3,6,3,6,3,6,2,6,4,4,4,3,5,80321
8032,1,3,1,4,7,4,6,2,2,2,1,3,7,5,3,4,7,2,6,1,6,5,2,5,1,2,6,3,7,1,6,1,7,3,6,3,5,6,80321
8032,1,6,1,6,7,5,6,2,2,3,1,2,7,5,3,3,7,2,5,2,7,6,2,2,1,2,7,1,7,1,6,2,7,2,7,2,5,6,80321
8032,1,9,2,4,7,7,5,2,2,3,2,4,7,2,2,6,7,1,6,1,7,5,4,2,1,2,7,1,7,2,7,1,7,2,7,2,6,7,80321
8032,1,12,1,2,7,3,7,2,2,4,2,1,7,2,4,2,7,4,7,1,7,6,3,2,1,1,7,1,7,2,7,1,7,2,7,2,5,6,80321
8034,0,0,1,7,7,1,7,1,1,1,1,1,7,4,1,4,7,4,7,4,4,4,1,7,1,1,7,4,7,4,7,4,7,1,7,1,7,1,80340
8034,0,3,1,3,7,4,7,3,1,2,1,3,7,3,1,6,7,3,7,4,7,3,3,6,3,3,7,4,7,3,6,3,7,2,7,2,4,2,80340
8034,0,6,2,4,7,3,7,4,1,3,1,3,7,3,1,4,7,3,6,3,6,3,3,6,1,3,7,4,7,3,6,3,7,3,4,3,6,1,80340
8034,0,9,1,3,7,3,7,3,1,3,1,3,7,5,1,3,7,3,6,3,6,3,3,6,3,4,7,3,7,3,6,3,7,3,7,3,6,3,80340
8034,0,12,1,6,6,2,6,2,1,2,2,4,2,3,1,4,6,1,5,4,6,3,2,6,2,2,6,3,6,2,6,2,7,2,6,2,4,1,80340
8034,1,0,4,4,4,1,4,4,1,1,1,4,4,4,4,1,7,1,4,1,4,1,1,NA,4,1,7,4,4,1,4,4,4,4,4,4,4,4,80341
8034,1,3,2,6,2,1,2,2,2,2,2,2,6,2,2,2,5,2,3,2,4,2,2,5,4,1,4,6,4,2,4,2,4,2,4,4,4,4,80341
8034,1,6,3,6,4,2,3,3,3,2,2,2,4,2,2,2,4,2,4,2,3,3,6,4,6,2,4,2,5,2,2,2,5,2,4,4,3,3,80341
8034,1,9,3,6,6,2,4,2,4,2,2,2,4,2,2,4,6,2,4,2,4,2,6,6,4,2,5,4,6,2,3,2,6,2,4,3,5,3,80341
8034,1,12,5,6,3,1,3,1,4,1,4,1,3,1,3,1,4,3,1,1,4,1,1,7,4,1,4,1,4,3,1,2,4,2,4,3,4,3,80341
8035,0,0,5,5,5,4,7,5,2,5,3,4,5,5,3,4,5,3,5,3,5,5,3,4,3,6,2,2,3,5,5,3,5,5,5,2,4,2,80350
8035,1,0,2,1,6,7,3,7,3,7,7,7,3,6,4,7,3,2,7,3,6,6,3,1,2,5,7,3,3,6,2,6,7,2,6,7,4,7,80351
8036,0,0,6,6,2,6,2,5,6,5,6,4,2,4,6,5,2,4,2,5,2,4,7,2,6,3,5,3,5,3,1,5,5,1,6,3,5,5,80360
8036,0,3,2,6,5,2,4,2,2,4,2,2,5,1,5,4,5,2,3,2,5,3,5,5,5,3,6,2,6,3,5,4,6,2,6,2,6,3,80360
8036,0,6,5,2,3,4,3,4,5,5,4,4,4,1,5,1,6,1,3,1,5,4,5,3,4,2,6,1,6,2,3,1,7,2,6,1,6,1,80360
8036,0,9,3,2,2,6,3,3,5,5,5,4,3,4,5,5,5,4,2,4,2,5,6,5,5,3,5,3,5,3,3,4,5,3,5,5,5,3,80360
8036,0,12,5,3,3,5,3,3,5,5,5,3,3,2,5,5,3,3,2,3,3,3,5,3,5,2,3,3,5,4,3,4,5,3,5,4,5,4,80360
8036,1,0,4,7,6,4,7,4,5,4,5,4,3,1,5,1,7,4,4,1,7,4,4,4,4,1,7,4,7,1,4,1,7,1,7,1,7,4,80361
8036,1,3,3,7,7,4,6,4,4,1,4,4,6,1,3,1,6,4,5,1,7,4,4,6,2,2,6,2,6,2,6,1,6,2,7,2,6,2,80361
8036,1,6,4,7,7,4,6,4,4,1,2,4,4,1,4,1,6,4,4,1,6,1,4,4,1,1,7,1,7,1,7,1,7,1,7,1,7,1,80361
8036,1,9,2,6,6,2,7,6,2,1,2,2,6,2,2,2,7,2,4,1,6,2,2,1,1,1,6,1,7,1,7,1,6,1,7,1,6,2,80361
8036,1,12,3,7,7,1,7,4,2,1,1,1,6,2,2,2,7,2,6,1,7,2,1,7,1,2,6,2,7,1,7,1,7,1,7,1,7,2,80361
8037,0,0,4,6,4,2,2,2,2,1,2,1,6,4,2,1,3,1,4,2,6,2,6,7,4,2,4,2,4,1,2,1,4,1,4,1,3,1,80370
8037,1,0,7,6,6,5,4,4,7,7,7,7,5,5,5,5,5,5,6,5,4,4,4,6,6,6,6,5,5,5,5,4,4,5,4,7,7,7,80371
8038,0,0,1,7,7,2,7,2,1,2,1,1,7,2,1,2,7,1,3,1,7,1,5,7,1,1,7,1,7,1,3,1,7,1,6,2,6,2,80380
8038,0,3,2,7,7,3,7,1,1,1,2,1,7,2,1,1,6,1,5,1,7,1,3,7,1,1,6,1,7,2,5,1,7,1,6,2,5,1,80380
8038,0,6,2,7,7,3,6,1,2,2,2,1,7,3,2,1,6,2,5,1,7,1,3,7,2,2,6,1,7,2,5,1,6,1,6,1,6,1,80380
8038,0,9,2,7,7,2,7,1,1,2,1,1,7,3,2,1,6,1,5,1,7,1,4,7,1,1,5,1,7,1,5,1,6,1,6,2,6,1,80380
8038,0,12,2,6,7,4,7,2,1,2,1,2,7,2,1,2,7,1,5,1,7,1,4,6,1,1,6,1,7,2,4,1,7,1,6,2,6,1,80380
8038,1,0,4,4,5,4,5,6,4,4,4,4,4,2,4,4,5,1,2,4,5,4,6,3,4,5,4,4,5,1,3,5,5,1,5,4,5,6,80381
8038,1,3,2,6,6,2,7,4,2,2,2,2,6,1,4,4,6,2,3,1,6,4,4,4,3,5,6,1,5,1,6,1,6,1,6,1,7,3,80381
8038,1,6,3,3,5,3,7,5,2,5,2,4,5,1,2,2,6,4,4,2,6,5,4,3,4,5,6,5,5,1,4,2,6,1,7,4,7,5,80381
8038,1,9,4,3,5,4,5,5,3,4,3,4,5,2,4,4,5,2,3,3,5,5,4,3,3,5,4,2,6,1,4,4,5,1,6,4,6,4,80381
8038,1,12,2,3,5,3,6,5,2,4,2,4,5,1,2,4,5,1,6,1,5,5,5,3,2,5,4,1,6,1,5,2,6,1,6,2,6,5,80381
8039,0,0,5,6,7,2,6,3,1,1,4,2,7,1,1,2,6,2,4,2,7,2,5,6,1,1,6,2,5,1,5,1,7,1,6,2,5,1,80390
8039,0,3,3,5,1,6,1,2,1,1,2,2,2,2,2,2,6,4,3,2,6,2,2,6,2,2,5,2,6,2,6,2,6,6,6,2,6,2,80390
8039,0,6,2,7,7,4,7,1,1,1,1,1,7,1,1,1,7,1,7,1,7,1,1,7,1,1,6,1,7,1,7,1,7,1,7,1,7,1,80390
8039,0,9,2,7,6,1,6,1,2,1,3,1,7,2,1,1,6,1,4,1,7,1,3,7,2,1,6,1,6,1,6,1,6,1,6,1,6,1,80390
8039,0,12,2,7,7,1,6,2,2,1,3,1,7,1,1,1,6,1,5,1,5,1,1,7,1,1,6,2,6,2,7,1,6,1,6,1,6,1,80390
8039,1,0,2,2,7,3,7,6,1,6,2,6,7,4,2,3,6,5,5,2,6,4,3,5,2,2,6,2,7,2,5,1,7,1,6,2,6,3,80391
8039,1,3,2,6,6,4,7,6,2,5,2,5,5,3,2,3,6,2,6,3,6,2,2,5,2,3,5,3,5,3,5,2,6,2,6,5,5,5,80391
8039,1,6,2,6,6,2,6,5,2,5,2,4,5,3,2,4,6,5,6,3,6,4,2,6,2,3,6,2,6,2,5,2,6,2,6,3,6,2,80391
8039,1,9,2,3,6,4,7,5,1,5,2,3,6,2,1,2,6,3,6,2,6,3,2,6,2,1,6,2,6,2,6,1,6,1,7,3,6,5,80391
8039,1,12,2,2,6,4,6,5,2,3,2,2,6,2,2,3,6,4,6,2,6,2,2,6,2,2,6,2,6,1,5,2,6,2,6,2,6,4,80391
8040,0,0,2,4,7,4,6,2,1,2,1,1,7,1,1,1,6,1,4,1,6,2,4,6,1,1,6,1,6,1,6,1,5,1,6,1,4,1,80400
8040,1,0,1,4,6,4,7,2,1,2,6,4,6,1,1,4,4,1,2,3,6,1,2,7,1,4,3,1,5,1,5,2,5,1,4,1,4,1,80401
8041,0,0,2,7,7,2,6,1,2,1,1,1,6,1,2,1,7,2,6,1,6,2,1,7,1,1,7,1,7,1,6,2,7,1,7,1,7,1,80410
8041,0,3,2,6,6,2,6,2,2,1,1,1,6,2,2,1,6,2,6,1,6,2,2,6,2,2,6,2,6,2,6,2,6,2,6,2,6,2,80410
8041,0,6,2,7,6,2,6,2,2,1,2,2,6,2,2,1,6,2,6,1,6,2,2,6,2,2,6,2,6,1,2,2,6,2,6,2,6,2,80410
8041,0,9,1,6,6,2,6,2,2,2,2,2,6,2,2,2,6,1,6,2,6,2,2,6,2,2,6,2,6,2,6,2,6,2,6,2,6,1,80410
8041,0,12,2,7,6,2,6,2,2,2,1,2,6,2,2,2,6,2,2,2,6,2,2,6,2,2,6,2,6,2,6,2,6,2,6,2,6,2,80410
8041,1,0,6,2,6,6,6,6,2,6,3,6,5,7,5,6,3,5,3,6,4,6,6,1,2,6,5,4,5,3,5,5,5,5,5,5,4,5,80411
8041,1,3,5,2,3,6,6,6,2,6,6,6,4,6,3,6,2,5,3,5,3,5,5,3,3,5,3,2,4,5,3,5,4,5,4,5,4,4,80411
8041,1,6,6,3,5,5,7,6,2,5,5,5,5,5,3,5,3,4,5,5,4,5,4,3,3,5,3,5,3,5,4,5,5,5,5,4,3,3,80411
8041,1,9,3,5,4,5,3,5,4,5,5,5,3,6,3,5,3,4,3,5,3,5,5,3,3,5,3,5,3,5,3,5,4,5,3,4,3,4,80411
8041,1,12,5,3,5,5,5,5,3,6,5,5,3,6,5,5,3,4,3,5,3,5,5,3,3,5,3,5,3,6,3,5,5,5,5,5,3,3,80411
8042,0,0,2,6,7,4,6,2,1,2,2,4,7,3,1,2,6,1,4,1,6,1,5,7,1,2,7,1,7,1,4,3,6,2,6,1,6,2,80420
8042,1,0,1,1,3,6,6,7,2,7,4,6,3,6,5,7,6,6,6,6,6,4,2,1,2,7,7,2,6,4,4,4,5,5,4,7,6,7,80421
8042,1,3,5,3,5,5,6,6,4,6,5,4,3,5,5,5,3,4,4,5,4,4,5,5,4,5,4,3,5,5,4,4,5,4,5,5,5,6,80421
8043,0,0,4,5,1,4,7,6,4,4,1,3,1,2,1,4,6,NA,2,NA,5,4,NA,2,NA,4,5,4,6,4,3,4,6,1,4,4,6,4,80430
8043,0,3,2,4,4,5,3,4,2,4,3,5,4,6,3,5,3,4,3,6,4,4,6,3,2,6,3,5,4,5,3,5,4,3,4,4,4,5,80430
8043,0,6,5,5,2,4,4,6,4,4,3,5,4,4,3,6,4,4,3,5,4,5,5,3,3,5,3,5,4,5,4,5,3,4,3,4,5,4,80430
8043,0,9,4,4,5,4,4,6,3,5,3,5,4,5,3,3,4,3,3,3,5,4,5,5,5,5,5,3,5,4,3,4,5,5,3,4,4,4,80430
8043,0,12,4,2,4,5,5,5,4,3,2,5,2,5,1,6,3,5,4,5,5,5,5,5,2,6,4,4,5,4,3,5,5,7,4,4,5,5,80430
8043,1,0,4,7,4,7,4,6,4,7,4,7,7,7,4,6,4,4,7,7,4,4,1,1,1,7,4,5,4,4,6,6,4,4,4,4,4,4,80431
8043,1,3,4,4,4,4,6,4,5,5,4,5,4,5,4,4,4,4,6,4,4,6,3,3,4,6,3,NA,4,4,6,6,3,4,5,5,4,4,80431
8043,1,6,4,3,4,4,4,5,5,5,4,5,7,4,4,4,3,4,4,7,4,4,4,3,4,6,3,4,4,7,5,4,3,7,3,4,1,3,80431
8043,1,9,4,4,4,4,4,4,4,4,4,4,4,4,4,4,4,4,4,4,4,4,4,4,4,4,4,4,4,4,4,4,4,4,4,4,4,4,80431
8043,1,12,4,4,4,4,4,4,4,4,4,4,4,4,4,4,4,4,4,4,4,4,4,4,4,4,4,4,4,4,4,4,4,4,4,4,4,4,80431
8044,0,0,1,6,7,3,7,1,2,2,1,4,7,6,2,2,7,2,6,6,7,2,2,6,2,7,6,2,6,2,6,2,6,2,3,1,3,1,80440
8044,0,3,1,6,7,5,6,6,2,2,2,5,6,4,2,1,7,2,4,4,4,2,4,6,1,6,6,6,6,2,2,1,6,3,6,1,4,2,80440
8044,0,6,1,4,6,2,6,2,1,4,1,2,5,5,1,2,6,2,5,3,6,2,5,5,1,3,6,3,6,1,5,2,6,4,4,1,2,2,80440
8044,0,9,4,5,6,4,6,4,4,4,3,4,6,6,4,3,4,3,3,4,6,4,5,4,4,4,5,4,5,3,4,3,5,3,4,3,4,3,80440
8044,0,12,1,4,6,3,6,1,4,2,2,5,6,4,2,2,6,1,3,5,5,2,6,6,3,2,5,2,6,2,1,1,6,4,3,1,1,1,80440
8044,1,0,5,2,6,6,7,6,2,6,3,6,6,5,2,6,5,5,5,5,4,5,4,2,3,6,5,4,5,5,4,2,5,4,6,6,6,7,80441
8044,1,3,2,2,6,6,7,5,3,6,3,4,2,2,3,6,6,4,3,2,6,3,3,3,3,4,6,3,6,3,3,3,5,2,5,5,5,5,80441
8044,1,6,2,2,6,6,7,6,2,6,2,6,5,4,5,6,6,6,4,2,5,5,2,2,6,6,6,2,6,2,6,3,5,2,6,6,6,7,80441
8044,1,9,5,2,3,6,4,6,3,6,5,6,4,5,4,6,3,5,3,6,4,5,3,2,4,6,5,4,5,4,4,3,5,4,5,6,4,6,80441
8044,1,12,3,3,5,5,6,4,3,6,3,6,3,4,2,5,5,4,4,4,6,5,4,4,2,5,5,4,5,4,5,3,6,3,6,4,5,5,80441
8046,0,0,5,7,7,1,6,2,1,1,1,3,6,6,2,1,6,2,2,1,6,5,6,7,1,1,4,2,3,1,2,1,5,2,6,1,2,1,80460
8046,0,3,4,6,6,2,3,2,2,2,3,2,3,5,2,2,3,2,2,2,4,2,5,6,2,2,3,2,3,2,2,2,3,3,3,2,2,2,80460
8046,0,6,4,6,5,2,5,2,2,1,2,2,5,5,2,2,3,2,2,2,3,2,5,6,3,1,2,2,3,2,2,1,3,1,6,1,3,1,80460
8046,0,9,4,7,6,3,5,2,2,2,2,2,5,5,2,2,5,2,3,2,5,2,5,6,2,2,3,2,3,2,3,2,4,2,4,2,3,2,80460
8046,0,12,4,6,5,2,4,2,2,2,4,2,4,5,2,2,4,2,3,2,4,4,3,5,3,2,2,2,3,2,2,2,3,2,5,2,2,2,80460
8046,1,0,2,5,6,3,6,5,2,3,4,5,3,3,2,3,3,3,5,3,5,4,2,6,2,1,3,2,5,1,5,2,5,1,5,1,5,1,80461
8046,1,3,2,2,6,4,6,5,1,2,4,5,4,2,1,2,5,4,5,3,4,3,2,5,1,1,4,2,5,1,5,1,5,1,5,1,4,1,80461
8046,1,6,3,6,6,2,6,5,1,2,5,2,2,1,1,2,5,1,5,1,5,2,2,6,2,1,3,2,5,1,5,2,5,1,6,1,6,1,80461
8046,1,9,2,5,5,4,6,4,3,4,3,2,5,2,2,2,5,4,5,2,5,2,2,6,2,1,5,2,5,1,5,1,5,2,6,1,5,1,80461
8046,1,12,3,4,6,3,6,5,2,3,4,6,5,2,2,4,4,3,4,2,5,5,2,6,2,2,3,4,4,2,5,2,4,2,5,2,5,2,80461
8047,0,0,7,2,3,6,3,6,5,6,6,4,2,4,5,6,3,2,2,6,2,5,5,4,5,5,3,1,4,3,2,4,3,4,4,7,4,7,80470
8047,1,0,1,6,4,4,6,1,5,4,3,2,2,2,3,3,7,6,6,2,6,2,2,6,1,1,7,4,7,1,5,1,7,1,7,5,6,3,80471
8047,1,3,2,6,5,6,6,4,3,5,2,5,3,6,5,5,7,7,5,5,5,5,3,2,1,2,6,6,7,1,4,1,7,1,5,6,5,7,80471
8047,1,6,2,5,6,4,6,5,3,3,1,4,2,5,5,3,7,4,5,2,6,2,2,6,2,1,7,5,7,1,6,5,7,2,5,2,1,5,80471
8047,1,9,2,6,3,3,4,2,5,5,2,1,5,6,5,5,7,6,6,5,4,2,3,3,1,1,6,6,6,5,3,7,5,5,5,6,5,5,80471
8047,1,12,3,4,3,1,4,5,4,5,2,6,3,6,2,3,7,6,4,4,4,5,4,3,2,1,7,6,7,3,5,6,7,2,6,7,5,5,80471
8048,0,0,1,7,7,1,7,1,1,1,1,1,5,1,1,1,7,1,6,1,6,1,1,4,1,1,6,1,6,1,6,1,7,1,7,1,7,1,80480
8048,0,3,1,4,7,4,7,4,3,1,1,6,7,1,1,1,7,1,7,1,7,1,1,1,1,1,7,4,7,1,7,1,7,1,7,1,7,1,80480
8048,0,6,3,5,5,2,5,2,2,2,2,3,2,2,2,2,2,5,6,2,6,2,2,2,2,2,6,2,6,6,6,2,6,2,7,NA,6,2,80480
8048,0,9,1,2,7,6,7,1,1,1,1,1,7,1,1,1,7,1,7,1,7,1,1,6,1,1,6,1,7,1,7,1,6,1,7,1,7,1,80480
8048,0,12,4,4,4,3,2,5,3,6,4,4,4,4,3,5,5,4,5,5,4,4,4,4,4,4,5,5,3,5,5,3,5,5,4,4,5,5,80480
8048,1,0,1,3,7,5,7,7,4,6,3,3,7,4,3,3,7,7,7,4,7,3,3,7,3,3,7,3,7,2,7,3,7,3,7,3,7,4,80481
8048,1,3,5,7,6,7,7,7,4,7,1,5,6,1,4,7,7,2,4,6,5,5,5,2,4,7,7,2,7,1,4,2,6,1,6,6,6,6,80481
8048,1,6,1,6,6,4,6,4,2,4,2,2,6,4,4,3,6,5,6,3,6,5,6,6,3,2,7,5,7,3,7,4,7,4,6,4,7,4,80481
8048,1,9,2,2,7,6,7,4,2,2,2,2,2,2,2,2,7,2,7,2,7,2,2,1,2,2,7,2,7,1,7,2,7,2,7,1,7,6,80481
8048,1,12,4,5,6,3,7,4,2,3,2,6,6,6,2,2,7,6,7,5,7,5,4,1,2,5,7,6,7,1,7,6,7,4,7,5,7,3,80481
8049,0,0,3,3,3,4,4,4,4,2,1,5,4,4,4,3,4,3,5,5,5,4,4,4,4,NA,6,6,6,6,6,5,5,5,5,6,6,5,80490
8049,0,3,1,1,1,1,1,1,1,1,1,1,1,1,1,1,1,1,1,1,1,3,3,3,1,1,1,1,2,3,3,3,3,3,3,3,3,3,80490
8049,0,6,7,7,7,7,7,7,6,7,7,7,7,7,7,1,1,5,7,1,7,7,7,7,7,4,7,7,7,7,7,7,7,7,7,7,7,7,80490
8049,0,9,4,4,4,4,4,4,4,4,4,4,4,4,4,4,4,4,4,4,4,4,4,4,4,4,4,4,4,4,4,4,4,4,4,4,4,4,80490
8049,0,12,6,6,6,7,6,5,6,4,4,4,4,5,5,5,6,6,6,7,1,1,1,NA,1,1,1,1,2,2,2,1,1,1,1,1,1,1,80490
8049,1,0,6,3,4,5,4,6,3,4,4,6,5,6,3,5,2,3,4,5,4,4,4,3,3,7,2,3,3,3,4,3,4,3,4,5,3,7,80491
8049,1,3,4,3,3,5,5,5,3,5,4,5,4,5,3,5,4,2,4,5,3,5,4,5,2,5,2,3,2,3,4,4,3,5,3,3,2,4,80491
8049,1,6,4,4,4,4,4,4,4,4,4,4,4,4,4,4,4,4,4,4,4,4,4,4,4,4,4,4,4,4,4,4,4,4,4,4,4,4,80491
8049,1,9,4,4,4,4,4,4,4,4,4,4,4,4,4,4,4,4,4,4,4,4,4,4,4,4,4,4,4,4,4,4,4,4,4,4,4,4,80491
8049,1,12,4,4,4,4,4,4,4,4,4,4,4,4,4,4,4,4,4,4,4,4,4,4,4,4,4,4,4,4,4,4,4,4,4,4,4,4,80491
8050,0,0,2,5,6,5,7,5,1,5,1,5,6,5,1,5,5,4,5,4,6,4,2,3,1,5,5,5,5,2,5,3,5,1,5,2,5,4,80500
8050,1,0,3,6,6,2,7,4,7,3,2,5,5,4,5,4,6,2,5,4,6,4,5,4,5,2,5,4,6,2,5,1,6,2,6,2,5,2,80501
8050,1,3,2,6,6,2,6,2,2,2,2,2,6,5,2,2,6,2,5,2,6,2,4,6,2,2,6,2,6,2,5,2,6,2,5,2,4,2,80501
8050,1,6,2,6,6,2,6,2,2,2,2,2,6,4,2,2,6,2,5,2,6,2,5,2,2,2,5,2,6,3,5,2,5,3,5,2,5,2,80501
8050,1,9,2,6,6,2,6,2,2,2,2,2,6,4,2,2,6,2,5,2,6,2,5,6,2,2,6,2,6,2,5,2,6,2,6,2,5,3,80501
8050,1,12,3,5,5,2,6,3,3,3,3,3,5,5,3,2,5,3,4,3,5,3,5,5,5,3,5,3,5,3,3,3,5,3,5,3,5,3,80501
8052,0,0,6,2,3,6,5,7,5,6,5,6,2,4,7,6,2,7,6,5,2,6,4,2,5,3,5,6,5,5,3,2,5,3,5,7,3,6,80520
8052,0,3,4,2,2,6,3,6,6,6,5,6,6,5,6,7,5,6,6,6,5,5,4,1,2,6,6,6,6,4,6,3,6,2,6,6,5,7,80520
8052,0,6,2,3,2,6,4,7,6,6,6,6,6,3,5,5,2,7,2,6,3,6,2,6,6,5,6,6,6,5,2,2,6,3,4,3,5,5,80520
8052,0,9,2,2,3,6,4,6,6,5,5,6,2,5,7,6,2,6,2,6,2,6,6,1,5,2,5,6,6,5,2,5,5,2,6,6,2,6,80520
8052,0,12,4,2,3,6,4,5,5,5,4,2,2,2,3,5,4,7,3,5,4,4,5,5,6,3,4,3,4,4,3,NA,5,3,5,6,5,5,80520
8052,1,0,4,5,4,4,5,5,3,3,2,3,5,2,2,3,5,5,5,2,4,5,4,5,3,3,5,3,5,2,5,4,5,2,6,4,5,3,80521
8052,1,3,4,4,3,3,5,5,3,4,4,5,4,2,4,3,3,4,3,4,4,4,3,3,4,2,5,4,5,3,5,4,5,2,5,4,5,4,80521
8052,1,6,4,5,5,3,4,4,2,3,3,4,5,3,3,3,5,5,4,4,3,3,5,2,4,2,4,4,5,2,4,3,5,1,5,3,4,5,80521
8052,1,9,3,5,5,3,5,2,2,2,2,3,5,2,2,2,2,2,5,2,5,2,2,6,2,2,5,2,5,2,5,2,5,2,5,2,5,3,80521
8052,1,12,4,6,5,3,2,3,2,2,3,4,4,2,3,2,5,6,5,4,5,4,3,6,2,2,6,4,6,2,5,3,5,2,5,2,5,2,80521
8053,0,0,1,7,7,1,7,5,1,1,1,4,7,2,1,2,6,4,5,1,7,4,1,6,1,1,6,5,7,1,6,5,7,1,6,2,4,6,80530
8053,0,3,1,7,7,1,7,1,6,1,2,4,6,2,6,2,6,1,4,1,6,1,2,7,1,1,6,2,5,1,5,1,6,1,7,2,5,3,80530
8053,0,6,3,7,7,1,6,1,2,1,1,1,6,1,1,1,6,1,6,1,6,6,1,7,1,1,6,1,6,1,7,1,6,1,7,1,6,3,80530
8053,1,0,4,5,3,5,5,5,4,5,5,4,3,4,4,4,3,3,3,3,3,5,5,5,3,3,4,3,5,4,3,4,5,3,5,6,5,5,80531
8053,1,3,5,4,3,5,5,5,4,5,5,4,3,5,4,4,3,3,4,4,3,5,5,4,4,3,3,3,5,5,3,3,5,3,5,5,4,4,80531
8054,1,0,1,6,7,2,6,6,1,2,1,2,6,3,1,2,7,2,6,1,7,1,1,7,1,2,7,1,7,1,2,1,7,2,7,2,6,3,80541
8054,1,3,2,4,6,2,6,3,3,2,2,3,2,1,1,2,7,3,3,1,6,2,3,6,2,1,7,2,7,1,5,1,7,2,6,2,6,3,80541
8054,1,9,2,1,6,2,6,3,4,2,1,2,7,5,2,1,7,2,2,1,7,1,2,6,3,1,6,1,7,2,5,1,7,2,6,3,6,6,80541
8054,1,12,1,2,7,1,7,3,6,2,1,1,6,5,2,3,7,1,6,3,7,1,5,6,2,1,6,1,7,1,6,1,7,1,7,3,6,6,80541
8055,0,0,7,6,3,6,6,4,4,2,6,4,3,5,5,5,3,2,4,3,3,5,5,5,5,3,3,3,5,3,3,6,5,3,5,5,4,5,80550
8055,0,3,5,2,5,3,5,3,3,3,5,2,4,2,2,3,5,2,3,2,3,2,3,6,2,3,3,2,3,3,3,5,5,3,5,2,4,2,80550
8055,0,6,6,6,4,5,6,2,2,2,2,4,5,3,3,2,3,2,3,2,4,3,6,6,3,4,2,4,3,6,3,5,5,2,2,2,5,5,80550
8055,0,9,5,5,4,6,6,4,2,2,5,4,4,4,3,3,5,3,3,5,4,5,6,5,4,4,2,4,3,5,2,3,5,3,4,3,4,5,80550
8055,0,12,5,5,3,6,5,6,6,3,6,4,3,5,5,3,3,3,4,5,3,5,5,3,5,3,3,3,4,6,3,4,5,3,4,4,3,5,80550
8055,1,0,2,1,7,7,6,7,2,1,2,7,6,6,2,7,6,7,6,6,6,6,3,1,1,3,6,5,6,5,6,4,6,5,6,6,6,7,80551
8055,1,3,2,2,6,6,6,6,2,6,6,6,6,7,2,6,6,6,5,5,6,6,2,1,2,2,6,5,6,5,6,4,5,5,6,5,5,4,80551
8055,1,9,5,2,4,7,5,7,5,7,5,7,6,6,5,6,5,7,5,6,5,7,5,2,2,3,5,7,6,6,5,6,6,6,7,6,5,7,80551
8055,1,12,3,2,6,7,6,7,3,7,2,7,6,7,3,7,2,6,5,4,6,6,3,2,2,3,6,5,7,6,6,6,7,6,6,6,5,7,80551
8056,0,0,1,7,7,4,7,2,1,4,1,2,7,5,1,2,7,1,5,4,5,4,4,4,1,2,6,6,7,3,6,4,7,1,7,2,6,3,80560
8056,0,3,1,2,7,2,7,2,1,2,1,1,6,6,2,1,7,1,6,2,7,2,1,6,2,1,6,2,7,4,7,1,7,1,7,1,5,1,80560
8056,1,0,2,2,7,5,7,5,2,4,2,4,2,5,3,5,6,2,5,4,6,2,5,3,2,4,6,2,6,4,5,3,6,3,6,4,5,4,80561
8057,0,0,2,7,7,2,7,1,7,1,2,1,1,2,7,1,7,1,6,1,7,1,2,7,1,1,6,1,6,1,6,1,6,1,7,1,5,2,80570
8057,0,3,2,7,7,2,7,1,1,1,1,1,7,4,1,1,6,1,6,1,6,2,1,7,1,1,6,2,6,1,2,1,6,1,6,2,4,1,80570
8057,0,6,2,7,7,2,6,1,1,2,2,4,2,6,1,1,3,1,6,1,5,1,2,7,1,1,6,1,6,1,6,1,6,3,6,1,3,1,80570
8057,0,9,4,6,2,2,1,2,1,2,2,2,6,5,1,2,4,1,4,4,6,2,4,1,1,1,3,2,4,2,4,1,5,2,6,2,4,1,80570
8057,0,12,3,3,4,4,6,3,2,3,2,4,6,4,1,2,6,1,6,2,6,1,2,7,1,1,5,1,5,1,5,1,6,2,6,5,3,1,80570
8057,1,0,2,5,5,3,7,6,2,5,2,5,6,3,2,2,6,4,5,2,5,3,3,5,4,5,7,3,7,5,5,4,7,1,7,3,5,5,80571
8057,1,3,1,6,6,3,7,6,1,5,1,2,6,1,1,3,7,2,5,2,6,2,2,6,1,3,7,1,7,1,6,1,7,1,7,2,6,3,80571
8057,1,6,5,3,4,5,5,5,3,5,4,5,4,5,4,5,5,4,4,5,4,5,4,3,4,5,5,4,5,5,4,4,5,3,5,4,3,5,80571
8057,1,9,1,1,5,6,5,6,3,7,3,6,5,6,3,7,5,2,3,7,2,3,6,2,2,7,5,5,5,7,2,5,5,5,4,5,1,6,80571
8057,1,12,5,5,4,5,5,6,3,5,3,5,5,5,3,4,5,2,4,5,5,5,5,3,4,5,5,5,5,5,4,4,5,4,5,4,2,5,80571
8058,0,0,5,2,4,4,7,6,1,7,5,7,7,4,2,NA,5,7,5,7,1,7,7,7,1,5,3,7,4,7,7,4,5,4,2,5,3,4,80580
8058,0,3,7,7,6,6,2,6,4,7,7,7,1,7,5,7,1,1,3,7,1,2,7,1,4,7,7,1,1,7,1,7,2,5,1,7,1,2,80580
8058,0,6,5,4,4,5,6,4,3,4,5,7,5,6,4,4,4,2,4,5,5,5,4,4,2,4,4,6,4,6,4,5,5,5,4,5,3,5,80580
8058,0,9,2,2,2,5,2,6,6,6,6,6,2,6,6,5,2,6,4,6,4,7,7,6,6,6,2,7,3,7,1,7,5,1,4,7,2,7,80580
8058,0,12,4,5,3,6,3,7,2,6,4,7,2,7,2,7,4,4,7,7,5,7,5,1,1,6,5,7,5,6,3,7,6,4,4,7,4,7,80580
8058,1,0,1,1,5,7,7,7,1,7,1,1,7,7,1,7,5,2,4,2,6,1,5,1,1,6,5,2,5,1,2,1,3,1,2,7,3,7,80581
8058,1,3,1,1,7,3,7,3,1,4,1,4,7,5,1,5,7,3,2,7,6,2,7,1,1,7,7,2,6,1,1,1,4,1,6,7,3,7,80581
8058,1,6,1,1,7,7,7,7,1,7,1,4,5,7,2,7,6,7,1,7,5,7,7,1,4,7,7,7,7,1,1,2,7,1,6,7,1,7,80581
8058,1,9,1,1,7,7,7,4,2,7,1,2,7,4,2,7,7,6,3,7,6,7,5,1,1,5,7,4,7,1,1,1,3,5,7,7,3,7,80581
8058,1,12,1,1,7,7,7,5,1,5,1,4,7,7,1,5,7,4,4,4,6,4,5,1,1,4,7,4,7,4,4,1,7,1,7,5,5,7,80581
8059,0,0,2,4,6,4,6,4,2,4,3,3,4,2,3,4,5,2,4,3,4,3,4,4,2,3,6,3,5,2,5,3,6,1,6,2,5,4,80590
8059,0,3,2,6,6,2,6,2,2,2,2,2,6,2,2,2,6,2,6,1,6,2,2,6,2,2,6,2,6,2,6,2,6,1,6,2,6,4,80590
8059,0,6,6,5,5,3,5,4,3,4,3,4,5,3,2,3,5,3,4,2,5,4,5,5,4,2,4,3,4,2,5,3,5,2,5,3,6,5,80590
8059,0,9,6,2,5,5,6,6,4,4,5,3,4,3,5,4,3,4,3,4,4,5,4,4,5,3,4,4,3,3,3,6,4,2,4,6,4,6,80590
8059,0,12,2,4,5,6,6,6,4,6,3,4,4,2,3,5,4,3,4,5,4,5,5,4,3,4,5,4,5,3,5,6,5,2,4,6,4,7,80590
8059,1,0,3,6,7,5,7,5,3,5,5,5,6,5,3,2,6,3,5,2,6,3,5,6,1,2,7,1,7,5,5,2,5,2,6,5,7,6,80591
8059,1,3,1,1,7,2,7,1,1,1,1,1,7,5,1,1,7,1,4,5,7,1,1,7,1,1,7,1,7,5,7,1,7,1,7,2,7,5,80591
8059,1,6,2,6,6,3,7,4,3,5,4,5,6,5,3,5,5,4,5,3,5,5,4,4,1,4,6,4,6,5,7,4,5,3,5,5,7,5,80591
8059,1,9,3,3,2,5,6,4,5,2,3,6,5,7,7,2,3,1,5,7,6,5,4,5,5,5,5,4,5,7,5,7,2,5,1,1,1,5,80591
8059,1,12,2,2,6,6,6,5,3,5,5,5,5,4,5,4,6,4,5,4,5,5,4,1,4,4,4,5,5,7,4,4,5,2,4,5,1,5,80591
8060,0,0,2,2,6,5,5,6,4,5,2,4,3,5,2,7,6,5,4,5,6,5,5,1,1,6,6,5,7,2,3,2,7,1,6,5,5,6,80600
8060,0,3,1,3,6,5,7,5,5,6,4,4,5,5,3,7,6,5,2,3,6,3,6,3,3,5,5,5,6,3,3,3,6,1,6,6,5,6,80600
8060,0,6,5,3,5,6,6,6,1,7,3,2,6,1,1,4,5,4,5,2,6,6,3,1,1,7,3,6,6,1,5,7,6,1,6,7,3,7,80600
8060,0,9,1,3,6,5,6,5,2,7,2,5,6,1,4,7,6,4,3,2,6,5,5,1,1,5,5,4,6,4,5,3,6,1,6,5,6,6,80600
8060,1,0,5,5,5,5,7,4,3,1,4,3,4,2,4,1,4,5,5,1,5,3,3,3,3,1,5,2,5,2,5,5,6,1,5,5,6,6,80601
8060,1,6,5,7,7,4,7,6,2,6,5,6,5,3,2,5,5,6,5,5,5,5,2,3,2,5,5,5,5,4,5,6,4,3,5,7,3,7,80601
8060,1,9,4,6,5,3,7,2,2,2,4,2,5,1,4,3,4,5,5,1,5,2,3,5,3,2,5,1,5,2,5,1,6,1,6,5,5,6,80601
8060,1,12,2,6,6,2,6,2,2,3,2,2,2,1,1,2,5,5,4,1,6,3,2,3,2,2,6,1,5,1,6,2,6,1,6,5,6,6,80601
8061,0,0,2,6,7,5,7,4,2,2,2,2,6,4,1,2,5,5,6,2,6,2,1,7,2,2,6,2,5,4,6,2,6,1,7,2,5,4,80610
8061,0,3,1,6,7,5,7,6,1,5,1,5,7,6,1,4,4,5,5,3,5,5,4,6,2,2,6,5,6,4,5,2,6,3,5,1,5,2,80610
8061,0,6,2,5,6,4,6,4,2,2,2,2,6,6,2,2,3,3,5,2,4,2,2,7,2,2,4,4,5,2,5,2,5,2,5,1,4,2,80610
8061,0,9,2,5,6,4,7,4,1,2,2,2,7,3,1,4,5,4,6,1,6,2,3,7,2,2,5,4,5,4,5,4,6,3,5,1,5,3,80610
8061,0,12,3,6,7,1,6,2,2,2,2,2,6,4,1,2,5,3,5,1,6,3,3,7,2,2,4,2,5,3,6,2,6,4,5,2,5,3,80610
8061,1,0,2,7,7,1,7,2,2,2,2,1,5,1,1,2,7,1,7,1,6,1,1,2,1,1,6,1,7,1,7,1,7,1,7,1,7,1,80611
8061,1,3,1,7,7,1,7,1,1,1,1,1,7,1,1,1,7,1,7,1,7,1,1,7,1,1,7,1,7,1,7,1,7,1,7,1,7,1,80611
8061,1,6,2,6,7,1,7,1,1,2,2,1,6,1,1,2,7,1,7,1,7,1,1,7,1,1,7,1,7,1,7,1,7,1,7,1,7,1,80611
8061,1,9,1,7,7,1,7,1,1,1,1,1,7,1,1,1,7,1,7,1,7,1,1,7,1,1,7,1,7,1,7,1,7,1,7,1,6,1,80611
8061,1,12,1,7,7,1,7,1,1,1,1,1,7,1,1,1,7,1,7,1,7,1,1,7,1,1,7,1,7,1,7,1,7,1,7,1,7,1,80611
8062,0,0,5,2,6,6,5,5,3,5,4,5,6,6,4,4,7,6,3,4,5,6,3,4,3,4,5,3,2,4,3,4,4,6,4,5,4,4,80620
8062,0,3,5,7,5,1,4,4,4,1,1,4,5,5,3,4,4,2,1,5,4,4,6,6,5,1,5,4,6,1,1,2,5,6,2,2,4,1,80620
8062,0,9,2,5,5,5,5,5,2,3,2,5,5,4,2,5,5,5,3,4,2,4,2,2,2,4,5,4,5,2,2,4,5,5,4,2,5,3,80620
8062,0,12,3,3,4,4,4,5,3,5,3,4,5,4,3,3,5,4,4,4,4,5,4,3,4,3,5,4,5,3,3,4,4,4,5,4,3,4,80620
8062,1,0,4,3,4,6,6,6,5,6,7,7,5,7,5,7,4,2,6,5,4,7,2,2,5,4,6,2,2,2,4,1,1,1,7,4,6,3,80621
8062,1,3,4,4,5,3,5,7,4,4,4,6,4,4,3,3,6,5,4,5,5,4,4,4,5,4,6,4,4,1,6,5,5,5,5,4,7,4,80621
8062,1,6,4,2,4,5,4,5,4,5,4,6,1,6,4,6,4,4,1,6,1,4,7,4,5,7,4,5,4,6,1,1,1,4,1,1,4,1,80621
8062,1,9,4,1,5,4,3,7,7,5,5,6,3,6,5,7,6,5,7,4,7,6,1,4,1,1,7,7,1,1,7,4,7,1,7,1,7,1,80621
8062,1,12,4,1,4,5,7,7,1,7,7,7,4,6,4,6,5,5,3,5,4,7,1,NA,1,4,7,1,4,7,7,4,4,1,7,1,7,5,80621
8063,0,0,3,5,6,3,7,7,2,5,3,6,6,6,2,2,6,3,5,3,5,3,3,6,2,4,6,2,6,1,5,6,7,5,6,2,6,5,80630
8063,0,3,3,6,6,3,7,5,1,4,2,5,2,5,2,2,6,1,6,2,6,2,1,6,1,5,6,3,6,2,6,5,6,2,6,1,6,4,80630
8063,0,6,5,6,6,4,5,5,3,4,4,5,5,5,3,3,6,1,2,3,5,3,5,6,4,3,5,3,5,2,5,5,5,4,5,1,5,3,80630
8063,0,9,4,6,6,3,6,5,2,2,2,2,5,3,3,2,6,2,5,3,6,4,5,6,2,2,6,3,6,2,6,5,6,3,6,2,6,2,80630
8063,0,12,2,6,6,3,6,5,3,3,3,5,5,4,3,2,6,1,5,2,6,5,3,5,3,3,5,3,5,3,5,5,6,3,6,2,5,5,80630
8063,1,0,1,2,6,5,6,5,2,4,2,6,5,3,1,3,7,3,5,2,5,3,4,3,2,6,7,3,7,1,6,2,7,2,7,5,6,5,80631
8063,1,3,2,5,6,5,6,5,2,3,2,5,6,3,1,4,6,1,5,1,6,2,3,5,1,5,7,2,7,3,6,4,6,2,7,4,6,5,80631
8063,1,6,2,5,5,5,6,5,2,3,5,4,5,4,2,5,3,3,5,1,6,3,3,3,3,4,6,3,7,3,5,3,6,3,7,3,6,5,80631
8063,1,9,1,7,7,2,7,6,1,1,1,6,7,1,1,1,7,1,4,1,7,1,1,1,1,2,7,1,7,1,7,1,7,1,7,1,7,2,80631
8063,1,12,1,3,7,5,4,5,5,2,2,3,2,4,2,3,6,2,6,2,6,3,2,3,2,5,5,3,5,3,6,2,6,2,7,2,6,3,80631
8064,0,0,2,7,6,2,7,1,1,1,1,1,6,2,1,1,7,2,6,1,6,1,1,7,1,2,7,2,6,2,6,2,6,1,7,1,6,2,80640
8064,0,3,3,6,6,2,7,5,2,2,2,3,6,2,4,3,7,2,6,1,7,6,2,6,2,2,6,1,7,1,7,4,7,1,7,3,6,5,80640
8064,0,6,1,7,6,2,7,2,2,1,2,4,6,4,2,1,6,1,5,1,6,2,2,6,1,1,6,1,6,5,6,2,6,1,7,1,6,2,80640
8064,0,9,1,7,7,2,7,2,1,1,2,2,6,2,2,2,6,1,5,1,6,2,5,6,2,1,6,1,6,2,5,2,6,1,7,1,6,1,80640
8064,0,12,1,1,7,2,7,1,1,1,2,2,2,2,1,1,6,1,5,1,7,1,5,7,1,1,6,2,6,2,3,1,7,1,6,1,6,2,80640
8064,1,0,1,6,7,4,4,4,5,2,2,4,7,6,5,2,6,2,7,1,7,3,1,7,2,2,7,2,7,1,7,2,6,4,6,2,5,5,80641
8064,1,3,1,7,7,4,6,5,2,5,1,4,1,7,2,4,6,3,6,2,6,4,4,2,2,3,7,3,7,2,7,2,7,1,7,2,4,2,80641
8064,1,6,1,6,7,2,4,5,4,2,1,3,7,5,2,2,6,4,6,2,7,4,2,7,1,2,7,2,7,1,6,2,7,1,7,1,5,3,80641
8064,1,9,2,6,6,4,4,5,5,3,2,5,6,3,3,2,6,2,6,1,7,2,2,7,3,1,6,2,7,1,6,1,7,1,6,2,5,3,80641
8064,1,12,1,6,7,3,4,2,2,2,1,4,6,6,4,1,6,2,5,1,7,4,2,7,2,4,5,4,5,2,5,3,6,1,6,2,3,4,80641
8065,0,0,3,3,5,3,6,5,3,5,3,5,5,3,2,5,5,1,5,3,5,5,5,5,3,4,5,3,5,2,3,2,6,2,5,4,5,2,80650
8065,0,3,1,7,6,2,6,2,2,4,2,2,6,1,1,2,6,2,6,2,6,5,4,6,5,2,6,2,7,1,5,2,7,1,7,1,7,5,80650
8065,0,9,3,6,6,5,6,5,2,2,2,4,6,2,2,4,6,2,5,1,6,2,2,7,2,2,5,2,6,1,6,3,6,1,6,3,7,5,80650
8065,1,0,1,7,7,2,7,3,1,2,1,4,7,1,1,2,7,1,2,1,6,2,5,7,1,1,7,1,7,2,4,1,7,2,7,2,7,5,80651
8065,1,3,2,7,6,1,7,2,2,2,2,2,7,2,2,2,6,2,4,1,6,2,3,7,2,1,6,2,7,2,6,1,6,2,6,2,7,3,80651
8065,1,6,1,7,7,2,7,1,1,1,1,4,7,1,1,2,7,2,5,1,6,3,2,6,1,1,7,1,6,1,6,2,6,5,7,2,7,3,80651
8065,1,9,2,6,7,2,7,3,1,2,1,4,6,2,2,2,7,1,6,2,7,2,2,6,2,1,7,2,7,1,7,1,7,4,6,2,6,2,80651
8065,1,12,1,7,7,1,7,1,1,1,1,2,6,1,1,1,7,1,4,1,7,1,2,6,2,1,7,1,7,1,7,1,6,4,7,1,7,1,80651
8066,0,0,1,7,6,3,6,5,2,6,1,7,2,7,2,1,7,5,4,5,4,4,4,7,4,1,7,5,7,4,5,2,4,7,5,1,2,4,80660
8066,0,3,2,4,3,4,3,4,3,4,3,4,3,6,3,4,5,3,3,4,1,5,5,5,5,1,6,4,6,5,4,4,5,7,4,4,2,4,80660
8066,0,6,1,3,3,3,6,4,3,3,3,4,4,7,4,1,7,4,5,7,5,5,2,1,4,1,2,7,4,6,5,1,2,7,2,4,1,1,80660
8066,0,9,4,7,4,1,1,1,6,1,5,1,2,4,5,1,5,1,4,4,4,4,4,4,4,4,4,4,4,4,4,4,7,4,5,1,4,1,80660
8066,1,0,5,1,5,6,6,NA,4,7,6,5,6,4,4,7,6,7,6,5,6,6,5,4,2,6,2,1,1,3,1,5,4,7,6,6,6,4,80661
8066,1,3,4,4,4,4,4,4,4,4,4,4,5,5,3,3,3,2,2,4,5,2,1,3,2,4,4,4,4,4,4,4,4,4,4,4,3,3,80661
8066,1,6,4,4,4,4,4,4,4,4,4,7,NA,6,3,3,3,3,3,4,5,5,5,3,3,3,2,2,2,4,5,2,4,4,3,2,1,6,80661
8066,1,9,6,2,4,5,2,6,4,7,4,7,4,4,1,7,6,4,1,6,4,5,5,3,4,4,4,4,4,5,4,5,7,4,4,5,3,4,80661
8066,1,12,4,4,3,5,3,3,3,5,4,4,3,2,2,6,4,3,3,3,3,4,3,3,2,2,5,4,6,2,6,5,5,1,5,4,3,6,80661
8067,0,0,5,5,2,4,3,5,5,5,6,3,2,4,5,5,2,1,1,4,3,5,7,6,5,4,2,3,3,6,1,3,3,1,3,4,2,3,80670
8067,0,3,5,5,3,3,4,3,5,3,5,4,4,3,5,4,4,1,2,3,2,3,7,6,6,2,1,2,4,3,1,1,3,3,4,4,1,3,80670
8067,0,6,5,3,3,4,3,5,5,4,5,5,2,1,5,5,2,1,1,5,1,6,7,3,6,4,1,4,3,5,1,1,4,2,4,6,1,6,80670
8067,0,9,6,4,3,4,3,5,5,5,6,2,3,5,6,5,3,1,1,4,3,6,7,4,5,5,1,4,4,4,1,1,4,3,4,4,3,4,80670
8067,0,12,7,3,2,4,3,5,6,5,6,6,2,6,6,5,2,1,1,3,1,6,7,4,6,4,1,3,2,3,1,1,2,1,2,4,1,1,80670
8067,1,0,1,4,7,4,7,4,1,4,1,4,6,1,1,4,7,1,2,1,7,4,2,7,1,3,5,1,4,1,1,4,7,1,6,1,7,4,80671
8067,1,3,1,1,7,4,7,4,3,1,1,1,7,4,1,1,7,1,4,1,7,1,1,1,1,1,7,1,7,1,7,1,7,1,7,1,7,1,80671
8067,1,12,5,6,6,3,7,3,3,3,3,3,3,3,2,2,3,1,2,2,3,2,3,5,3,3,3,2,3,1,2,2,3,1,3,4,5,1,80671
8068,0,0,5,1,3,7,4,7,4,7,4,4,4,7,4,7,6,4,4,5,7,7,4,2,4,7,7,5,7,1,5,2,7,2,7,4,7,7,80680
8068,1,0,6,1,6,6,6,7,6,7,2,7,2,5,5,7,2,7,5,7,5,7,2,1,2,7,6,7,5,2,5,5,5,3,5,7,5,7,80681
8069,0,0,2,6,7,5,7,5,2,6,2,5,6,3,1,5,7,4,6,5,6,5,2,6,1,5,7,5,7,2,6,1,6,5,7,1,6,5,80690
8069,0,3,2,5,7,5,6,7,2,7,2,6,5,5,2,6,7,5,6,6,6,6,2,6,2,4,7,5,7,3,6,3,7,6,6,3,6,5,80690
8069,0,6,2,6,7,5,7,6,2,6,2,5,6,3,1,5,6,5,7,5,6,5,1,3,1,5,6,2,6,2,7,2,6,5,7,2,6,5,80690
8069,0,9,2,6,7,6,7,5,2,6,2,5,5,4,2,5,6,5,6,4,5,5,2,6,1,4,7,2,7,4,6,2,7,5,6,2,6,4,80690
8069,0,12,2,3,6,4,7,5,2,5,1,4,6,2,2,5,6,5,7,3,6,5,2,5,1,4,6,2,7,2,6,2,6,5,6,3,6,6,80690
8069,1,0,1,3,5,5,5,7,5,5,6,5,3,5,4,2,7,5,4,1,6,5,6,3,2,1,5,2,7,2,3,1,7,5,7,5,6,5,80691
8069,1,3,5,3,2,5,3,6,6,5,5,6,2,2,6,4,5,6,3,2,3,5,5,2,3,1,5,3,5,3,3,2,6,5,6,5,6,6,80691
8069,1,6,5,5,3,3,3,2,3,4,3,4,3,5,5,5,5,5,3,5,3,5,5,2,3,2,5,3,5,2,5,3,7,5,7,5,6,5,80691
8069,1,9,5,5,4,3,5,6,5,5,6,5,5,5,6,5,5,5,2,3,2,5,6,5,3,1,5,3,5,3,2,2,5,5,5,5,3,4,80691
8069,1,12,3,6,5,3,5,5,5,5,5,5,3,5,5,4,6,4,3,3,3,5,5,4,2,1,7,2,6,2,3,1,7,5,5,3,5,5,80691
8070,0,0,2,7,7,1,7,1,1,1,1,1,7,1,1,1,6,1,6,1,7,1,6,7,1,1,6,1,7,1,2,1,7,1,7,1,7,1,80700
8070,0,6,1,6,7,2,7,1,1,1,1,1,6,1,1,1,7,1,4,1,6,1,4,7,2,1,7,4,7,4,6,1,7,1,7,4,4,4,80700
8070,0,9,1,6,7,4,6,1,1,1,1,1,1,1,1,1,7,1,7,1,6,1,1,7,1,1,7,5,7,1,7,1,7,1,7,1,7,7,80700
8070,0,12,1,7,7,1,4,1,1,1,1,1,1,2,1,1,7,1,7,1,2,1,1,7,1,1,7,7,7,1,7,1,7,1,7,1,6,4,80700
8070,1,0,5,5,4,4,6,5,4,4,4,4,5,1,5,5,5,1,1,6,4,1,6,6,4,5,5,1,5,1,1,7,6,1,3,1,6,1,80701
8070,1,3,1,7,7,1,7,2,1,2,2,2,6,2,2,2,6,2,6,2,6,2,2,6,2,2,6,2,6,2,5,2,6,2,6,2,6,2,80701
8070,1,6,2,1,6,2,6,1,2,1,2,1,6,2,1,1,6,1,4,1,6,1,3,7,1,1,7,1,6,1,5,1,6,1,6,1,5,1,80701
8070,1,9,2,6,5,2,6,2,5,5,5,2,3,1,5,1,6,1,2,1,5,2,5,5,2,2,5,2,5,1,3,2,6,1,6,5,5,1,80701
8070,1,12,5,5,5,3,5,1,5,1,5,1,5,1,5,1,5,1,3,1,5,1,5,7,3,1,5,1,5,1,3,3,6,1,5,1,5,1,80701
8071,0,0,4,1,4,5,6,6,2,6,4,5,4,4,3,7,6,5,4,6,6,6,4,2,1,6,5,6,5,2,5,4,4,3,6,6,5,7,80710
8071,0,3,5,1,7,3,5,5,5,5,4,5,3,3,6,5,4,3,4,5,3,4,4,3,4,4,4,4,3,3,5,3,3,5,3,5,4,4,80710
8071,1,0,2,6,6,3,7,5,1,5,2,5,6,2,1,2,6,1,6,2,6,1,2,6,2,2,6,1,6,3,5,1,5,2,6,2,5,2,80711
8071,1,3,3,5,6,4,7,5,1,4,2,6,6,6,1,4,7,2,3,5,6,4,5,5,2,2,7,2,7,5,3,2,6,2,5,2,4,4,80711
8071,1,6,2,5,5,2,6,2,1,4,1,2,2,2,1,1,6,1,5,2,6,1,1,6,1,5,7,1,6,2,5,1,6,1,6,2,6,5,80711
8071,1,9,1,6,6,3,6,5,1,5,1,2,6,2,2,4,7,1,6,2,6,2,2,6,2,5,7,2,6,1,5,1,6,1,6,2,6,5,80711
8071,1,12,1,5,5,3,6,5,2,5,2,4,5,3,5,5,6,1,5,5,5,3,5,3,3,5,6,2,6,2,3,1,5,1,5,5,5,6,80711
8072,0,0,5,2,7,5,7,6,1,5,2,2,7,1,1,5,6,1,6,1,7,1,1,6,1,2,7,1,6,5,7,1,6,1,1,4,5,5,80720
8072,0,3,5,5,7,5,7,7,1,1,1,4,7,2,1,1,5,1,5,4,7,1,1,1,1,1,6,1,5,5,7,4,7,1,7,1,3,1,80720
8072,0,6,5,7,7,1,7,1,1,1,1,1,7,1,1,1,7,1,7,1,7,1,1,1,1,1,7,1,7,5,7,1,7,1,7,1,7,1,80720
8072,0,9,3,7,7,1,7,1,1,5,2,4,7,4,1,2,7,1,1,1,7,1,1,7,1,1,7,4,7,1,7,7,7,1,7,1,6,1,80720
8072,0,12,5,6,7,2,7,4,1,5,5,4,7,5,1,5,4,1,7,1,7,1,1,7,1,4,5,1,6,1,7,2,5,1,7,1,6,5,80720
8072,1,0,5,1,7,5,6,5,2,7,2,5,4,6,3,7,3,5,2,5,4,5,5,1,2,7,4,5,4,5,3,3,4,2,5,7,2,7,80721
8072,1,3,6,4,5,7,6,6,3,6,3,4,3,2,3,3,5,1,3,4,3,6,3,2,2,7,3,1,5,1,4,7,5,1,7,7,2,7,80721
8072,1,6,5,1,4,6,6,6,2,5,3,2,7,1,4,3,5,5,2,1,6,6,5,1,2,3,6,2,7,1,4,7,6,1,7,6,6,6,80721
8072,1,9,6,1,5,7,5,6,2,6,4,5,3,6,5,6,3,4,2,6,3,5,5,1,4,7,4,6,4,5,3,6,4,1,5,6,3,6,80721
8072,1,12,3,1,5,6,7,7,5,7,4,6,5,5,3,7,3,5,2,7,4,6,4,1,3,7,3,6,6,4,4,6,4,2,5,7,5,6,80721
8073,0,0,1,7,7,1,7,1,1,1,1,1,7,1,1,1,7,1,6,1,7,1,1,7,1,1,7,1,7,1,7,1,7,1,7,1,7,1,80730
8073,1,0,1,7,7,1,7,1,1,1,1,1,7,1,1,1,7,1,7,1,7,1,1,7,1,1,7,1,7,1,7,1,7,1,7,1,7,1,80731
8074,0,0,2,7,7,2,7,1,1,1,1,1,7,1,1,1,6,1,7,1,7,1,1,7,1,1,7,1,7,2,7,1,7,1,7,1,6,2,80740
8074,0,3,2,7,7,2,7,1,1,1,2,1,7,1,1,1,6,1,7,1,7,1,1,7,1,1,7,1,7,2,7,1,7,1,6,1,7,2,80740
8074,0,6,1,7,7,2,7,1,1,1,1,1,7,1,1,1,7,1,7,1,7,1,1,7,1,2,7,1,7,2,7,1,7,1,7,1,7,4,80740
8074,0,9,1,7,7,1,7,1,7,1,1,1,7,1,1,1,6,1,7,1,7,1,1,6,1,1,7,1,7,1,7,1,7,1,7,1,7,2,80740
8074,0,12,2,6,6,2,7,2,2,1,2,4,6,2,2,2,6,1,6,2,6,1,2,6,2,2,6,2,6,2,6,1,7,2,6,1,6,3,80740
8074,1,0,2,6,6,5,6,3,2,3,4,2,5,3,2,3,6,2,3,2,5,3,5,6,3,2,6,4,6,2,3,4,3,3,5,5,5,5,80741
8074,1,3,1,1,6,2,6,1,2,2,2,1,5,1,1,1,6,1,5,1,6,1,2,1,2,1,6,1,7,1,5,2,7,1,7,2,5,5,80741
8074,1,6,1,7,7,4,7,1,1,2,1,1,7,1,1,1,7,1,7,1,7,1,1,7,1,1,7,1,7,1,5,1,7,1,7,2,7,2,80741
8074,1,9,2,7,7,2,7,1,1,1,1,1,7,1,1,1,6,1,7,1,7,1,6,1,1,1,6,1,6,1,6,1,7,1,7,4,7,4,80741
8074,1,12,2,7,6,4,7,2,6,2,2,1,7,1,2,1,6,2,7,1,7,1,2,1,2,1,6,1,7,2,7,1,7,1,7,2,6,4,80741
8075,0,0,6,3,7,5,7,6,1,5,6,7,7,6,1,7,3,6,3,5,7,7,5,1,1,7,5,5,3,4,4,1,5,1,6,5,3,6,80750
8075,0,3,7,2,7,6,7,5,1,5,1,5,7,5,1,6,7,5,4,5,7,5,3,2,2,6,7,5,6,3,5,3,7,3,5,3,5,6,80750
8075,0,6,2,2,7,6,7,7,7,6,2,6,2,1,1,6,7,6,7,5,6,7,2,5,2,7,7,4,7,4,6,1,7,2,7,2,5,7,80750
8075,0,9,4,7,7,7,7,7,1,7,1,7,1,4,1,7,7,6,3,7,4,7,3,1,1,7,7,6,6,4,6,3,7,2,5,7,4,7,80750
8075,0,12,2,2,6,6,7,6,2,5,2,6,6,2,2,6,6,5,5,6,6,6,5,2,2,7,7,6,6,4,5,5,6,3,6,7,5,7,80750
8075,1,0,5,2,6,5,7,7,1,7,5,7,7,7,2,6,7,6,1,5,5,7,7,1,1,6,7,2,7,1,1,1,7,1,7,5,3,7,80751
8075,1,3,1,3,6,5,7,7,3,6,1,1,7,1,3,5,7,5,2,3,5,6,4,3,1,3,6,1,7,1,4,4,7,1,7,1,7,1,80751
8075,1,6,1,3,6,6,7,7,1,5,2,1,6,1,2,7,7,4,1,2,6,7,2,5,1,2,7,7,7,1,4,1,7,1,7,7,7,1,80751
8075,1,9,1,1,6,6,7,5,2,6,2,5,7,1,1,5,7,1,1,3,5,6,2,4,2,3,7,2,7,1,4,4,7,1,7,5,7,1,80751
8075,1,12,1,2,7,7,7,5,2,5,1,7,1,7,1,4,7,1,1,5,6,6,7,2,1,5,7,3,7,1,1,3,7,1,7,5,7,1,80751
8076,0,0,2,6,6,2,7,7,2,4,1,6,3,1,1,1,6,1,1,1,5,2,2,7,1,5,5,5,5,1,1,1,6,1,4,1,5,1,80760
8076,1,0,3,6,6,1,7,2,2,1,3,1,6,1,1,1,3,1,2,1,7,2,2,7,2,2,5,2,5,6,5,2,5,1,7,1,7,1,80761
8077,0,0,2,6,6,2,6,4,3,4,2,1,6,1,2,2,6,1,6,1,6,2,2,7,1,1,6,1,6,1,6,1,7,1,7,1,7,2,80770
8077,1,0,3,5,5,7,6,7,6,7,1,4,2,6,5,7,5,7,2,7,4,2,6,1,1,1,6,4,6,5,2,5,7,4,4,7,3,7,80771
8078,0,0,3,5,5,5,5,5,2,4,5,6,5,5,1,4,5,5,5,3,4,3,5,5,1,1,5,6,6,2,3,1,6,4,5,3,5,3,80780
8078,0,3,6,4,4,2,4,2,1,4,5,6,4,5,3,6,4,1,4,6,4,4,3,5,3,3,4,5,5,3,4,2,6,5,5,4,4,3,80780
8078,0,6,3,5,7,4,6,5,2,5,2,7,3,4,2,1,6,5,5,5,5,5,3,5,2,3,6,5,6,5,5,4,7,5,6,5,5,4,80780
8078,1,0,5,6,3,6,3,7,5,5,6,6,5,6,5,5,5,5,2,5,5,5,6,2,5,5,3,5,5,7,5,1,5,3,3,6,2,6,80781
8078,1,3,5,3,3,5,6,5,5,5,5,4,3,4,5,6,5,6,5,5,3,6,5,6,5,2,4,5,5,4,1,2,4,4,3,5,4,5,80781
8078,1,6,3,5,5,5,5,5,6,5,5,5,5,3,3,5,5,5,3,5,5,6,5,3,5,3,5,3,5,3,2,1,5,1,5,3,5,5,80781
8078,1,9,5,3,3,5,5,6,5,5,5,6,5,6,5,5,5,5,2,5,5,6,6,5,5,3,5,5,5,3,3,3,5,2,5,6,3,5,80781
8078,1,12,5,3,5,5,5,7,3,6,5,5,5,3,3,5,3,5,2,3,3,6,6,2,3,5,5,5,5,3,2,1,5,1,5,5,5,5,80781
8079,0,0,2,1,6,2,7,5,1,1,1,6,7,7,1,1,7,2,4,1,6,2,4,7,6,7,7,2,7,4,4,1,7,1,4,2,3,3,80790
8082,0,0,2,6,3,2,2,3,2,2,5,2,3,2,2,2,6,2,2,2,5,2,6,6,3,1,6,2,6,2,3,3,6,1,5,2,6,2,80820
8082,0,3,6,6,3,2,3,3,5,3,6,3,2,2,2,2,2,3,6,3,4,5,3,6,3,2,4,3,5,3,5,2,5,2,4,2,5,5,80820
8082,0,6,6,6,3,2,2,4,5,2,6,2,5,2,5,2,5,2,6,2,2,2,6,6,4,2,6,2,5,4,6,5,6,2,6,2,6,5,80820
8082,0,9,5,7,6,2,2,2,2,2,5,2,4,2,2,2,2,2,6,2,6,2,3,6,4,1,5,2,5,2,5,2,5,2,5,2,6,2,80820
8082,0,12,5,6,3,2,2,2,4,5,5,2,4,2,2,5,2,2,5,2,5,2,5,5,5,2,2,2,4,2,4,2,5,2,4,2,3,2,80820
8082,1,0,2,2,5,5,5,7,1,6,3,3,6,4,2,4,6,2,6,5,6,5,2,4,1,4,7,3,6,2,5,3,6,4,6,4,5,4,80821
8082,1,3,4,5,6,6,6,6,3,4,3,5,5,4,3,5,6,4,5,4,5,4,2,6,1,3,5,3,5,4,5,4,6,6,3,3,3,4,80821
8082,1,6,2,4,6,6,6,6,2,4,3,5,5,5,2,4,6,2,6,4,5,4,2,4,2,2,6,4,5,2,5,2,5,4,5,2,4,4,80821
8082,1,9,2,4,6,5,6,6,2,4,3,5,6,4,2,2,6,2,6,4,5,3,2,2,2,2,7,2,7,2,5,2,6,2,6,2,5,2,80821
8082,1,12,2,4,6,5,6,4,2,4,2,4,6,4,2,4,6,2,6,5,6,2,2,4,2,4,7,2,6,4,6,2,6,3,6,2,5,4,80821
8083,0,0,1,7,7,4,7,7,1,1,1,7,7,7,1,1,7,1,4,1,7,4,7,7,1,7,7,4,7,1,7,4,7,1,7,1,7,1,80830
8083,0,3,NA,7,7,1,7,1,7,1,1,4,7,7,1,1,7,1,7,1,7,1,1,7,1,4,7,1,7,1,7,1,7,1,7,1,7,1,80830
8083,0,6,1,1,1,1,1,1,1,1,1,1,1,1,1,1,1,1,1,1,1,1,1,1,1,1,1,1,1,1,1,1,1,1,1,1,1,1,80830
8083,0,9,1,7,7,1,7,4,1,1,1,4,1,1,4,3,7,1,7,1,7,4,1,4,1,1,7,1,7,7,7,1,7,4,7,1,1,1,80830
8083,0,12,7,7,7,7,7,7,7,7,7,7,7,7,7,7,7,7,7,7,7,7,7,7,7,7,7,7,7,7,7,7,7,7,7,7,7,7,80830
8083,1,0,4,3,7,5,7,4,1,3,4,4,1,7,1,5,6,5,7,5,7,5,3,7,1,7,6,5,5,3,6,3,6,3,7,3,7,3,80831
8083,1,3,1,4,7,5,7,5,1,6,2,7,1,5,1,6,4,2,7,6,6,5,1,4,1,6,6,4,4,6,6,4,5,6,6,5,6,5,80831
8083,1,6,1,3,NA,4,7,4,4,5,4,4,4,7,4,5,5,3,4,5,5,5,4,2,4,5,5,4,5,4,5,4,4,4,7,5,6,5,80831
8083,1,9,4,4,4,4,4,4,4,4,4,4,4,4,4,4,4,4,4,4,4,4,4,4,4,4,4,4,4,4,4,4,4,4,4,4,4,4,80831
8083,1,12,4,4,4,4,4,4,4,4,4,4,4,7,4,7,4,4,4,6,4,4,4,4,4,4,5,4,4,7,4,4,4,7,5,5,2,4,80831
8084,0,0,1,6,6,2,6,2,1,1,1,1,6,1,1,1,6,1,6,1,6,1,1,6,1,2,7,1,7,1,6,1,6,1,7,1,5,1,80840
8084,0,3,1,6,6,2,6,2,2,2,5,1,5,1,1,1,6,1,6,1,5,1,5,5,1,2,5,2,5,1,5,2,5,2,5,2,5,2,80840
8084,0,6,1,7,7,2,7,1,1,1,1,1,7,5,1,1,7,1,7,1,7,1,2,7,1,1,7,1,7,1,7,1,7,1,7,1,6,1,80840
8084,0,9,1,4,7,2,6,3,1,2,1,5,2,5,2,2,6,2,5,5,6,2,5,2,2,4,7,2,6,5,5,5,6,4,6,1,5,1,80840
8084,0,12,2,4,6,4,5,3,2,2,2,2,5,2,2,2,6,2,6,2,6,2,2,6,2,2,6,2,6,2,6,2,6,2,6,2,6,2,80840
8084,1,0,5,7,5,6,6,6,7,6,5,5,5,5,4,5,5,5,4,5,6,5,5,1,4,5,7,6,6,4,5,5,7,5,7,6,7,1,80841
8084,1,3,1,7,6,7,6,7,5,7,7,7,4,1,3,6,7,2,2,6,7,6,4,1,1,2,1,1,1,1,2,2,1,1,7,1,7,7,80841
8084,1,6,3,1,7,7,6,6,1,7,2,7,2,4,2,7,7,2,2,6,2,6,2,1,2,6,6,6,7,1,6,2,7,2,7,1,7,7,80841
8084,1,9,1,2,5,5,7,6,6,7,5,5,1,3,1,4,6,1,1,4,6,5,4,1,2,1,6,3,6,4,4,4,7,2,6,2,6,6,80841
8084,1,12,1,4,3,6,6,6,3,6,2,6,6,4,1,6,6,2,4,5,6,6,5,6,2,2,6,2,6,2,2,4,6,2,2,6,6,6,80841
8086,0,0,1,6,7,2,7,2,1,2,2,2,7,2,2,2,7,2,6,2,7,2,4,7,2,2,6,2,6,2,6,2,7,2,6,2,6,2,80860
8086,1,0,7,6,6,3,6,3,2,2,1,2,6,2,1,2,6,3,6,2,6,3,2,7,1,2,6,2,6,2,6,2,6,2,7,2,6,2,80861
8086,1,3,2,5,6,3,6,5,2,3,1,3,6,2,2,2,6,3,6,1,6,4,2,7,2,2,5,1,7,1,6,1,7,1,7,2,6,3,80861
8086,1,6,2,6,7,3,6,5,2,3,2,2,6,2,2,3,6,1,6,2,6,3,3,7,2,2,4,2,6,2,6,2,7,1,7,1,6,2,80861
8086,1,9,2,6,7,3,7,3,1,2,1,2,7,1,1,2,7,3,6,1,7,2,1,7,2,1,6,1,7,1,6,2,7,1,7,1,6,2,80861
8086,1,12,2,6,7,3,6,2,1,2,1,1,7,2,1,1,7,5,6,1,7,2,1,7,1,1,5,1,7,1,6,1,7,1,7,1,6,2,80861
8087,0,0,1,4,5,5,5,7,1,5,1,6,4,5,1,4,6,1,4,4,5,2,4,5,3,1,5,3,5,5,3,1,7,4,3,1,5,2,80870
8087,0,3,4,4,5,3,7,7,1,7,4,5,5,5,1,4,5,1,2,6,5,2,1,4,3,3,5,3,4,6,3,2,4,4,3,1,3,1,80870
8087,1,0,5,2,3,7,2,2,2,5,2,2,5,4,3,2,5,4,5,3,3,2,3,3,2,5,5,4,5,7,4,5,4,5,3,7,2,7,80871
8087,1,3,3,3,5,5,2,2,2,5,3,4,5,2,2,2,5,2,3,5,5,2,5,3,2,5,4,2,6,6,4,2,5,2,5,7,3,6,80871
8087,1,6,5,5,5,6,3,4,3,5,5,4,5,2,2,5,4,3,4,4,5,3,5,5,5,6,2,2,5,6,2,3,4,2,2,7,3,5,80871
8087,1,9,5,4,2,6,3,3,5,5,5,4,2,5,5,5,2,3,1,5,5,5,7,2,5,6,3,4,3,7,1,3,3,3,3,7,3,6,80871
8087,1,12,5,3,3,6,3,5,3,6,5,3,3,5,5,5,3,4,2,5,3,2,5,3,5,5,3,3,5,7,2,2,5,3,2,7,3,6,80871
8088,0,0,5,6,5,5,5,5,3,5,5,4,5,5,4,5,3,4,5,5,5,4,3,2,3,6,5,4,3,6,4,3,3,5,5,4,3,6,80880
8088,0,3,5,2,5,4,5,5,3,6,4,5,3,6,4,6,3,2,4,5,3,5,5,6,2,5,5,4,5,6,3,5,5,5,5,3,2,2,80880
8088,0,6,5,5,5,5,5,4,4,6,4,4,2,5,2,5,5,4,5,2,5,4,3,2,2,5,5,3,5,5,5,4,5,4,6,3,5,5,80880
8088,1,0,5,5,5,6,6,3,2,5,3,5,6,4,5,4,6,6,1,1,6,2,6,2,2,5,7,2,6,2,4,2,5,2,5,5,7,6,80881
8088,1,3,3,2,3,5,3,5,5,5,3,3,6,7,2,2,3,6,1,5,2,5,7,3,5,2,6,6,6,6,1,3,6,5,2,2,2,5,80881
8088,1,6,1,3,2,6,5,5,7,5,6,3,5,5,6,3,5,7,1,6,6,5,7,5,6,4,6,3,5,6,1,2,5,3,3,7,2,6,80881
8088,1,9,2,7,3,6,2,7,7,6,7,7,2,5,6,6,6,6,6,6,5,7,7,1,7,7,6,6,5,6,1,3,3,5,2,7,3,6,80881
8088,1,12,3,3,2,6,3,6,5,5,5,6,3,5,6,6,5,5,5,6,5,5,6,2,5,6,5,5,5,5,6,5,6,5,3,6,3,6,80881
8089,1,0,2,5,4,4,3,2,4,3,3,3,3,4,5,3,6,1,4,5,4,4,5,6,5,1,6,2,7,1,4,1,7,2,5,1,4,1,80891
8090,0,0,4,6,4,6,5,6,2,6,3,7,6,4,2,5,5,4,4,5,5,5,3,3,4,7,7,4,5,5,4,4,4,4,5,4,4,4,80900
8090,1,0,5,2,7,6,7,2,1,1,1,1,6,2,2,1,7,4,6,2,7,1,1,NA,3,6,7,2,5,2,2,2,6,1,6,1,6,4,80901
8091,0,0,3,3,5,6,6,5,1,5,5,5,6,1,1,5,3,1,6,5,6,5,4,5,1,5,6,1,5,1,4,1,5,1,7,2,7,5,80910
8091,0,3,5,5,6,5,5,5,4,5,3,4,3,2,3,5,5,2,5,2,6,5,3,6,2,4,5,3,5,3,6,2,5,1,6,2,6,4,80910
8091,0,6,1,6,7,5,7,4,1,2,1,1,7,1,1,2,7,1,6,2,7,2,2,6,1,2,7,1,7,1,7,1,7,1,7,1,7,1,80910
8091,0,9,3,6,7,4,6,3,2,2,2,2,6,1,1,1,7,1,7,1,7,3,2,7,1,1,7,1,7,1,7,1,7,1,7,1,7,1,80910
8091,0,12,1,7,7,2,7,2,1,2,1,2,7,1,1,1,7,1,6,1,7,2,2,7,1,2,7,1,7,2,6,1,7,1,7,1,7,2,80910
8091,1,0,2,4,7,4,6,4,1,4,2,4,6,3,1,4,6,2,4,2,5,4,3,5,1,5,7,2,6,1,5,2,7,1,7,1,5,3,80911
8091,1,3,5,4,7,2,7,5,1,5,2,5,7,5,2,5,6,2,5,3,6,5,2,3,2,6,6,2,6,4,6,1,6,2,6,2,6,2,80911
8091,1,6,1,5,7,3,7,3,2,3,1,4,6,3,2,5,6,1,5,3,6,2,3,4,2,1,6,1,7,3,5,1,7,1,6,1,6,2,80911
8091,1,9,2,3,7,4,7,2,1,3,1,3,7,2,1,3,6,2,5,3,7,3,2,3,1,3,6,2,6,1,6,2,6,2,6,2,6,3,80911
8091,1,12,1,5,7,2,7,2,1,3,1,2,7,1,1,2,7,1,6,1,7,2,2,5,1,3,7,1,7,1,6,1,7,1,7,1,6,3,80911
8092,0,0,4,4,6,1,4,1,2,1,4,4,4,5,4,1,7,1,1,2,4,2,1,4,4,3,7,2,6,1,4,2,6,1,6,3,6,2,80920
8092,0,3,1,4,6,4,7,2,4,1,4,1,4,1,1,1,7,2,1,1,4,1,4,1,1,2,7,1,7,1,4,1,6,1,5,1,7,4,80920
8092,0,6,7,4,4,4,4,4,4,4,4,4,4,4,4,4,4,4,4,4,4,4,4,4,4,4,4,4,4,4,4,4,4,4,4,4,4,4,80920
8092,0,9,2,4,4,4,4,4,5,4,4,4,4,3,3,4,4,3,4,4,4,4,4,4,4,3,4,4,4,3,4,4,7,3,3,3,3,4,80920
8092,0,12,4,4,7,4,6,4,4,4,4,4,4,4,4,4,4,4,4,4,4,4,4,4,4,4,4,4,4,4,4,4,4,4,4,4,4,4,80920
8092,1,0,2,1,6,2,6,2,6,1,2,7,7,1,1,1,1,1,6,1,7,1,1,7,1,1,1,1,7,1,7,1,7,1,7,1,7,1,80921
8092,1,3,4,1,7,4,7,3,4,1,1,7,6,4,1,1,1,1,1,1,4,1,1,7,1,1,4,2,6,2,7,4,6,1,6,5,7,4,80921
8092,1,6,4,4,7,2,7,4,1,1,4,1,7,1,1,1,1,1,1,1,1,1,1,1,1,1,1,1,1,1,1,1,7,1,6,1,7,1,80921
8092,1,9,4,2,1,2,7,2,2,2,2,2,7,2,2,2,2,2,2,1,7,2,2,2,1,1,6,2,2,2,2,2,6,2,7,2,7,2,80921
8092,1,12,4,4,5,4,4,4,4,4,4,4,4,6,4,1,4,4,4,4,4,4,4,4,4,4,4,4,4,4,4,4,4,4,4,4,4,4,80921
8093,0,0,4,2,4,4,4,5,3,5,4,5,4,4,4,6,5,2,4,5,5,5,4,2,4,2,7,4,6,2,4,4,7,2,5,7,6,7,80930
8093,0,3,5,3,3,3,3,4,5,5,4,4,3,3,5,5,4,3,3,4,3,5,5,3,5,3,5,3,5,4,3,4,4,3,4,4,4,5,80930
8093,0,6,4,4,4,4,4,4,4,4,4,4,4,4,4,4,4,4,4,4,4,5,5,2,4,5,7,4,6,1,4,4,6,4,6,5,4,5,80930
8093,0,9,3,4,5,5,4,4,4,4,4,4,4,4,4,4,4,4,4,4,4,4,4,4,4,4,5,4,5,3,4,3,5,3,6,4,4,5,80930
8093,0,12,4,4,4,4,4,4,4,4,4,4,4,4,4,4,4,4,4,4,4,4,4,4,4,4,4,4,4,4,4,4,4,4,4,4,4,4,80930
8093,1,0,5,7,6,2,4,3,5,5,1,1,3,3,3,4,7,1,6,4,5,2,2,7,1,5,7,1,7,3,6,1,7,2,7,2,6,2,80931
8093,1,3,2,7,6,4,6,2,2,4,2,2,6,2,3,3,7,1,7,1,7,2,1,1,1,2,7,1,7,1,7,1,7,1,7,2,7,2,80931
8093,1,6,2,6,6,5,6,4,3,7,1,4,7,2,1,2,6,5,7,3,7,1,2,6,1,5,7,1,7,2,6,1,7,3,6,4,6,2,80931
8093,1,9,2,7,7,6,5,5,2,5,1,6,6,7,2,3,7,6,7,6,7,4,1,7,1,5,7,2,7,2,7,1,7,4,6,3,6,2,80931
8093,1,12,1,6,7,4,7,2,2,5,1,3,7,3,1,3,7,1,7,4,7,1,1,7,1,1,7,1,7,1,7,1,7,2,6,1,6,1,80931
8094,0,0,1,4,6,3,7,4,1,2,2,6,6,2,2,2,6,2,2,2,6,2,2,5,1,4,6,2,6,2,6,2,6,1,7,7,7,2,80940
8094,0,3,1,1,7,2,7,2,1,1,1,7,7,1,1,1,7,1,7,1,6,1,1,6,1,1,7,1,7,1,7,1,7,1,7,1,7,1,80940
8094,0,6,1,1,7,1,6,4,1,1,1,4,7,1,1,1,6,1,7,1,7,1,1,1,1,1,7,1,6,1,6,1,7,1,7,1,7,1,80940
8094,0,9,1,3,7,2,6,2,2,2,1,4,6,2,2,2,2,2,6,2,6,2,2,2,2,1,6,2,6,1,2,2,6,1,6,2,6,1,80940
8094,0,12,1,2,6,2,6,1,1,1,2,4,6,2,2,2,2,2,6,1,6,1,2,2,2,2,6,2,6,2,6,2,6,2,6,1,7,1,80940
8094,1,0,4,2,4,2,5,NA,5,4,4,5,4,4,3,5,4,NA,1,1,3,3,2,4,4,6,4,4,4,4,5,4,4,4,4,4,5,4,80941
8094,1,3,4,2,5,4,3,4,4,2,4,4,3,2,3,4,2,3,3,2,4,4,4,4,3,4,4,4,4,3,2,3,4,4,4,4,4,4,80941
8094,1,6,3,3,4,5,4,4,5,5,4,5,4,4,3,4,3,3,3,3,3,3,4,3,4,3,4,3,4,3,3,4,3,3,4,3,3,2,80941
8094,1,9,3,3,2,2,2,2,2,2,2,NA,3,2,3,3,2,3,3,3,3,4,3,3,4,3,3,3,3,3,3,4,3,4,3,4,3,3,80941
8094,1,12,4,4,6,4,6,2,2,2,2,6,6,4,2,2,2,2,5,2,6,6,2,2,3,3,3,3,3,4,3,4,3,3,4,3,4,4,80941
8095,0,0,5,5,5,5,5,5,3,5,3,4,4,2,5,3,2,5,2,5,4,5,3,5,2,6,5,4,3,5,4,4,4,4,4,2,3,3,80950
8095,1,0,6,4,5,5,4,6,4,6,5,5,4,5,5,4,5,3,3,4,4,5,5,4,5,7,4,4,5,4,5,5,5,5,4,7,3,5,80951
8095,1,3,4,3,4,7,7,4,1,6,4,7,5,5,4,6,5,2,4,6,5,6,4,6,6,7,4,4,3,5,2,6,3,4,4,5,3,5,80951
8095,1,6,4,6,4,6,4,6,4,7,4,6,5,4,4,7,4,3,2,6,4,7,4,3,5,6,4,5,4,5,4,5,4,7,5,4,3,5,80951
8095,1,9,4,4,5,4,4,5,6,7,4,5,5,7,3,4,4,3,4,6,4,5,3,3,5,4,4,6,4,3,3,6,4,7,3,5,3,5,80951
8095,1,12,4,5,5,6,6,5,5,6,4,4,5,5,4,5,4,5,4,5,5,4,4,5,4,4,7,5,5,4,5,4,5,4,5,7,5,6,80951
8096,0,0,4,6,6,4,7,7,1,2,4,4,4,1,1,3,5,1,2,2,5,5,5,5,2,1,7,1,6,1,2,2,7,1,6,2,7,1,80960
8096,0,3,2,4,5,4,7,5,3,4,2,3,5,1,1,1,7,2,4,2,6,2,5,5,2,2,6,2,6,2,2,2,6,2,7,1,5,1,80960
8096,0,6,4,6,7,2,7,4,1,4,2,5,6,3,3,3,7,2,5,3,6,3,4,3,3,1,7,1,6,2,4,1,7,3,6,1,7,1,80960
8096,0,9,3,6,6,3,7,2,3,3,3,3,6,3,3,3,7,3,4,3,6,3,4,6,3,3,7,3,6,3,4,3,7,3,7,3,6,3,80960
8096,0,12,1,7,4,2,7,4,2,1,1,2,6,1,1,1,7,2,4,1,6,2,4,2,2,1,7,1,6,1,4,1,6,1,7,1,7,1,80960
8096,1,0,2,6,5,2,7,1,2,2,2,2,6,6,2,2,6,2,4,2,6,2,4,6,2,1,7,2,6,2,4,2,7,1,6,2,6,1,80961
8096,1,3,1,7,6,1,7,4,2,4,1,1,7,1,2,1,6,1,2,4,7,4,5,7,1,1,7,1,6,1,2,1,6,1,6,1,6,1,80961
8096,1,6,2,6,6,2,6,3,2,3,2,2,6,2,2,2,6,5,4,1,6,4,4,6,1,1,7,2,6,2,2,2,6,1,7,2,5,1,80961
8096,1,9,3,7,7,2,6,3,2,2,2,1,6,2,2,2,6,2,4,2,6,2,5,6,2,1,6,2,6,2,3,2,6,1,6,2,6,1,80961
8096,1,12,2,7,6,2,7,2,1,2,2,1,7,6,4,2,6,3,3,1,6,2,5,6,2,1,7,1,6,1,2,2,6,1,6,2,6,1,80961
8097,1,0,4,3,7,6,7,5,3,5,2,4,5,6,2,3,5,3,5,5,7,3,3,2,2,6,5,2,6,6,2,4,6,6,6,5,4,7,80971
8098,0,0,4,4,7,5,3,6,1,5,4,4,4,1,1,6,4,2,2,6,4,6,7,3,3,6,4,3,3,3,3,4,7,4,4,6,4,5,80980
8098,0,3,4,5,7,4,2,4,6,1,1,4,5,7,1,1,5,1,1,4,4,2,7,4,1,5,1,7,1,1,1,1,5,7,1,1,1,1,80980
8098,0,6,4,4,5,3,7,6,3,3,4,4,7,7,1,4,6,4,3,4,6,7,7,7,4,2,5,5,5,2,1,4,6,7,3,1,3,3,80980
8098,0,12,1,7,5,1,6,2,1,1,1,4,7,1,1,1,1,1,1,1,2,3,7,7,6,1,1,2,1,1,1,2,1,7,1,1,1,4,80980
8098,1,0,2,1,6,6,6,4,1,4,1,1,4,2,2,6,6,2,4,2,6,2,2,2,2,6,3,6,6,2,6,2,6,6,6,4,6,2,80981
8098,1,3,1,1,7,4,4,4,7,1,1,6,5,4,2,1,4,1,4,1,4,4,4,2,3,2,5,1,5,1,7,4,4,2,6,7,6,1,80981
8098,1,6,4,4,4,4,4,4,4,4,4,4,4,4,4,4,4,4,4,4,4,4,4,4,4,4,4,4,4,4,4,4,4,4,4,4,4,4,80981
8098,1,9,4,4,4,4,4,4,3,3,5,4,5,3,5,5,3,5,5,3,4,4,5,4,5,3,3,5,4,4,5,3,5,3,4,4,4,4,80981
8098,1,12,4,4,4,4,4,4,4,4,4,4,4,4,4,4,4,4,4,4,4,4,4,4,4,4,4,4,4,4,4,4,4,4,4,4,4,4,80981
8099,0,0,5,7,7,4,7,5,4,1,5,4,2,2,2,2,6,1,5,2,6,4,3,4,3,2,6,2,6,1,5,1,6,1,7,4,6,4,80990
8099,0,3,5,4,7,2,7,4,2,2,2,4,6,1,1,1,7,1,6,1,6,2,2,7,2,1,6,1,6,1,6,2,7,1,7,2,7,3,80990
8099,0,6,2,1,7,2,7,4,2,1,2,4,7,1,1,1,6,1,6,1,6,2,1,1,1,2,6,1,7,1,7,1,6,1,7,2,7,2,80990
8099,0,9,3,4,6,5,6,3,2,4,3,4,7,1,1,1,7,1,6,1,7,5,2,6,2,1,6,4,6,2,6,2,6,1,7,2,7,2,80990
8099,1,0,4,7,7,2,7,1,2,1,2,1,7,4,1,1,6,1,7,1,7,1,5,7,1,1,7,1,7,1,1,1,7,1,7,1,5,1,80991
8099,1,3,2,7,7,4,7,1,1,1,4,4,7,4,1,1,7,1,4,1,7,1,3,1,1,1,7,1,7,1,4,1,7,1,7,1,7,1,80991
8099,1,6,1,7,7,1,7,1,7,1,1,1,7,4,1,1,4,1,7,1,4,1,4,7,1,1,7,1,4,1,7,1,7,1,7,1,6,1,80991
8099,1,9,1,7,7,1,7,1,1,1,1,1,7,1,1,1,7,1,7,1,7,1,1,7,1,1,7,1,7,2,7,1,7,2,7,1,7,1,80991
8099,1,12,1,7,7,1,7,1,2,1,1,1,7,4,1,1,7,1,7,1,7,1,1,7,1,1,7,1,7,1,7,1,1,1,7,1,7,1,80991
8100,0,0,5,6,5,2,6,2,4,3,5,4,6,2,5,2,6,1,4,1,6,2,2,6,3,2,6,2,6,2,5,1,6,1,7,2,6,2,81000
8100,0,3,4,6,6,2,6,2,2,1,2,4,6,4,2,1,6,1,5,1,6,2,5,6,2,2,6,2,6,2,5,2,6,1,7,2,7,3,81000
8100,0,6,6,7,6,2,6,2,4,2,3,4,6,2,2,2,6,1,6,2,6,2,5,6,2,2,7,1,7,2,5,2,7,1,7,2,6,3,81000
8100,0,9,2,7,6,2,6,1,2,2,2,1,6,2,2,1,6,1,6,2,6,2,2,7,2,2,6,1,6,2,6,1,6,1,6,2,6,5,81000
8100,0,12,2,7,6,2,6,2,2,2,2,1,6,2,2,1,6,1,6,1,6,2,2,7,2,2,6,1,6,2,6,1,6,2,6,2,6,3,81000
8100,1,0,1,5,7,3,7,3,1,5,1,2,7,2,1,2,1,1,7,5,7,2,1,3,1,5,7,2,7,2,7,1,7,7,7,2,4,5,81001
8100,1,12,1,7,7,1,7,1,1,1,1,1,7,1,1,1,7,1,7,1,7,1,1,7,1,1,7,1,7,1,7,1,5,1,7,1,7,5,81001
8101,0,0,1,5,7,2,7,2,1,2,1,1,7,1,1,3,7,1,7,1,7,1,1,7,1,1,7,1,7,1,7,1,7,1,6,1,7,2,81010
8101,0,3,4,3,5,3,7,4,1,4,3,2,7,1,2,4,5,3,5,3,5,4,3,5,1,2,5,1,5,2,5,3,5,1,5,3,5,3,81010
8101,0,6,1,6,6,2,7,2,1,2,1,1,1,1,1,2,7,1,6,1,7,1,1,6,1,1,6,1,6,1,6,1,6,1,6,1,6,2,81010
8101,0,9,1,6,7,1,7,2,1,2,1,2,7,1,1,2,6,1,4,1,7,2,4,7,1,1,6,1,6,1,6,1,6,1,6,1,6,2,81010
8101,0,12,1,6,7,2,7,1,1,1,1,1,7,1,1,1,7,1,5,1,7,1,1,7,1,1,7,1,7,1,7,1,7,1,7,1,7,2,81010
8101,1,0,2,5,7,5,6,6,3,2,2,2,6,2,2,5,6,2,5,2,6,5,2,3,2,2,6,1,7,1,6,2,7,1,5,4,5,7,81011
8101,1,3,1,6,6,2,6,3,2,2,1,2,6,2,1,2,6,1,6,2,6,4,3,5,1,1,7,1,7,2,6,1,6,1,7,2,5,2,81011
8101,1,6,2,7,5,2,5,3,2,2,2,3,5,2,3,2,6,1,5,2,5,5,2,6,2,1,6,1,7,1,6,1,6,1,6,1,6,7,81011
8101,1,9,2,5,6,1,6,5,2,1,2,3,6,1,1,2,7,2,5,2,5,3,2,6,1,1,7,1,7,2,5,2,7,1,7,1,6,2,81011
8101,1,12,1,6,6,2,6,2,2,3,1,2,6,1,2,1,7,2,6,2,6,3,2,6,1,2,7,1,6,1,6,2,6,1,7,5,5,5,81011
8102,0,0,7,2,5,2,5,4,6,5,5,6,6,7,5,6,2,4,3,6,5,6,5,5,4,4,4,4,4,1,4,6,6,5,5,6,5,6,81020
8102,0,3,5,6,6,3,5,3,3,3,5,5,5,5,3,3,2,3,2,3,5,3,5,5,3,2,5,2,5,5,2,3,5,3,5,3,3,2,81020
8102,0,6,4,5,5,3,5,3,3,3,3,3,5,3,3,3,3,3,3,3,5,3,3,5,3,3,5,3,5,3,5,3,5,3,5,3,5,3,81020
8102,0,9,4,5,5,2,5,3,3,3,5,3,5,3,3,3,5,3,3,3,5,3,5,5,3,3,5,2,5,2,2,2,5,2,5,2,2,1,81020
8102,0,12,5,5,5,3,5,3,2,2,2,5,2,2,2,2,6,2,1,2,5,2,6,5,2,2,5,2,5,5,2,2,5,2,5,2,2,2,81020
8102,1,0,7,1,6,5,7,7,7,7,1,7,2,7,1,5,5,5,1,7,5,2,7,1,1,7,6,2,5,5,2,5,6,1,5,4,5,7,81021
8102,1,3,4,4,5,5,2,3,4,5,5,7,5,5,4,4,4,4,4,4,5,5,5,5,5,6,5,6,6,6,6,4,4,4,4,4,4,4,81021
8102,1,6,7,5,4,7,4,4,4,7,6,7,4,7,4,6,6,4,5,3,4,6,5,5,5,5,5,6,6,5,5,6,5,6,5,5,6,6,81021
8102,1,9,7,7,7,5,5,4,4,4,4,5,4,4,6,4,4,4,4,4,4,4,4,4,4,4,4,4,4,4,4,4,7,5,6,4,4,4,81021
8102,1,12,4,5,3,4,4,4,4,4,3,4,5,4,4,4,3,4,4,4,4,4,4,4,4,5,4,2,5,5,4,3,4,4,4,4,4,4,81021
8103,0,0,7,7,7,7,7,7,1,7,1,7,7,7,1,7,4,7,1,7,7,7,7,1,1,7,7,1,7,7,7,7,7,1,7,7,7,7,81030
8103,0,3,4,4,4,4,4,4,4,4,4,4,4,4,4,4,4,4,4,4,4,4,4,4,4,4,4,4,4,4,4,4,4,4,4,4,4,4,81030
8103,0,6,3,7,4,5,5,5,5,5,5,5,5,5,3,5,5,5,5,5,5,5,5,5,5,5,5,5,5,5,5,5,5,5,5,5,5,5,81030
8103,0,9,4,4,4,4,4,4,4,4,4,4,4,4,4,4,4,4,4,4,4,4,4,4,4,4,4,4,4,4,4,4,4,4,4,4,4,4,81030
8103,0,12,4,4,4,4,4,4,4,4,4,4,4,4,4,4,4,4,4,4,4,4,4,4,4,4,4,4,4,4,4,4,4,4,4,4,4,4,81030
8103,1,0,2,5,3,5,4,5,3,5,4,4,4,4,4,4,5,4,6,3,5,4,3,4,4,4,4,5,5,3,3,3,3,3,5,5,3,6,81031
8103,1,3,4,4,4,4,4,4,4,4,4,4,4,4,4,4,4,4,4,4,4,4,4,4,4,4,4,4,4,4,4,4,4,4,4,4,4,4,81031
8103,1,6,4,4,4,4,4,4,4,4,4,4,4,4,4,4,4,4,4,4,4,4,4,4,4,4,4,4,4,4,4,4,4,4,4,4,4,4,81031
8103,1,9,4,4,4,4,4,4,4,4,4,4,4,4,4,4,4,4,4,4,4,4,4,4,4,4,4,4,4,4,4,4,4,4,4,4,4,4,81031
8103,1,12,4,4,4,4,4,4,4,4,4,4,4,4,4,4,4,4,4,4,4,4,4,4,4,4,4,4,4,4,4,4,4,4,4,4,4,4,81031
8104,0,0,3,6,6,2,7,6,2,4,2,5,6,2,2,2,6,2,6,5,6,5,2,6,1,6,6,3,6,2,6,4,6,2,6,2,6,6,81040
8104,0,3,4,7,7,1,7,3,2,2,2,2,6,2,1,1,6,1,6,1,6,2,3,1,2,1,6,2,6,1,7,2,6,2,4,2,6,2,81040
8104,0,6,2,2,6,2,7,2,1,1,1,2,6,1,1,2,7,1,7,1,7,1,1,7,1,2,6,2,6,2,2,4,6,2,4,6,5,2,81040
8104,0,9,2,6,6,2,6,4,2,2,2,2,6,2,2,2,6,2,6,2,6,2,2,6,2,2,6,2,6,2,6,6,6,2,6,2,6,2,81040
8104,0,12,1,1,6,2,6,2,1,1,1,2,6,2,2,1,1,1,6,1,2,2,2,1,2,2,7,1,6,1,6,2,6,1,6,1,7,1,81040
8104,1,0,2,2,6,6,6,6,2,6,2,5,5,5,2,5,6,4,4,4,6,5,4,2,2,4,6,3,6,4,4,2,6,2,5,3,5,5,81041
8104,1,3,1,1,7,6,7,6,2,6,1,5,2,4,2,6,7,4,4,2,6,4,4,2,1,6,7,4,7,4,4,1,7,4,6,4,6,5,81041
8104,1,6,1,4,7,4,7,4,1,4,1,4,7,4,1,4,7,1,7,4,7,1,1,4,1,4,7,4,7,4,7,1,7,4,7,1,4,4,81041
8104,1,9,2,4,6,6,6,2,2,5,6,2,6,2,2,4,6,2,4,2,6,2,2,2,2,4,6,2,6,2,6,2,6,2,6,2,6,4,81041
8104,1,12,1,2,6,6,6,6,2,6,6,4,6,2,2,4,6,4,5,4,6,2,4,4,2,4,6,4,7,2,4,4,6,2,6,2,6,4,81041
8105,0,0,2,6,7,2,5,5,1,5,2,6,6,5,2,3,6,5,5,3,5,2,2,6,1,1,6,2,6,2,5,2,6,3,5,1,3,2,81050
8105,1,0,2,2,5,6,7,6,5,5,6,5,3,6,5,5,6,6,3,5,5,6,6,2,3,3,7,3,7,3,5,5,7,3,7,6,3,7,81051
8106,0,0,2,6,7,2,5,3,1,2,1,2,7,4,1,2,7,1,4,2,6,2,4,7,1,2,6,2,7,1,4,2,6,3,7,2,6,2,81060
8106,0,3,6,6,7,1,7,5,1,5,7,5,7,4,1,1,7,1,5,1,7,1,2,1,1,1,7,1,6,2,6,2,6,5,6,1,6,2,81060
8106,0,6,1,2,7,2,7,2,1,2,1,2,7,2,1,2,7,1,6,2,7,2,2,1,1,1,7,2,7,1,6,1,6,2,6,2,6,2,81060
8106,0,9,1,6,7,4,7,4,1,4,1,4,7,2,1,2,7,1,6,2,7,2,2,7,1,1,7,1,7,1,6,5,7,3,6,4,2,3,81060
8106,1,0,6,4,1,4,1,4,7,4,7,4,4,4,6,4,6,1,4,4,2,4,4,4,4,2,6,1,5,4,4,4,2,4,4,6,3,6,81061
8106,1,3,4,4,3,4,2,4,6,2,5,4,3,4,5,2,5,1,2,2,2,4,4,5,4,2,6,3,6,4,3,4,4,3,4,3,4,2,81061
8106,1,6,4,4,4,4,1,4,2,4,2,1,4,4,5,2,4,2,4,2,4,2,2,4,1,1,7,1,4,4,2,2,4,2,4,2,4,4,81061
8106,1,9,4,4,2,6,2,4,5,3,4,4,2,4,5,4,4,2,2,4,4,4,4,4,4,5,4,2,4,4,4,4,2,4,4,4,4,4,81061
8106,1,12,2,4,2,4,3,4,4,2,2,2,4,4,4,2,6,2,4,2,4,2,4,4,4,2,6,2,6,2,4,2,4,2,4,2,3,4,81061
8107,0,0,2,6,7,3,6,4,1,7,5,4,5,2,2,1,7,3,6,1,6,3,4,6,1,1,6,3,6,1,7,1,5,2,4,5,7,4,81070
8107,0,3,1,6,7,2,6,2,1,4,2,4,7,3,1,1,7,2,5,2,6,2,1,6,1,1,6,2,7,1,6,2,6,1,6,1,6,2,81070
8107,0,6,1,6,7,2,7,1,1,1,7,1,1,2,1,2,6,1,7,1,6,2,2,5,1,1,6,1,7,1,6,1,7,1,6,1,7,3,81070
8107,0,9,2,7,6,1,7,2,1,1,1,2,7,1,1,2,7,2,4,1,1,1,1,1,1,1,7,1,7,1,6,1,6,1,1,1,7,2,81070
8107,0,12,2,3,7,2,6,1,1,3,1,1,6,2,2,1,7,3,6,1,7,1,1,2,1,1,7,1,7,1,7,1,7,1,7,1,6,4,81070
8107,1,0,2,3,7,5,7,6,2,2,2,2,7,1,1,4,7,1,7,1,7,4,1,6,2,5,7,1,7,1,7,1,7,1,7,1,6,6,81071
8107,1,3,1,3,6,5,5,5,1,1,1,5,7,7,1,1,7,1,6,1,6,3,7,3,2,1,7,1,7,3,7,4,7,1,7,1,7,6,81071
8107,1,6,1,2,7,5,7,4,1,4,2,1,7,2,1,3,7,1,7,1,7,1,1,7,1,2,7,1,7,4,7,1,7,2,7,1,6,6,81071
8107,1,9,7,6,7,7,7,6,1,5,1,4,7,7,1,2,7,2,7,1,7,6,1,6,1,4,7,1,7,2,7,2,7,5,7,1,7,7,81071
8107,1,12,1,7,7,4,7,7,1,1,1,1,7,7,1,1,1,1,7,1,7,1,1,1,1,1,7,1,7,1,7,1,7,1,7,1,7,1,81071
8108,0,0,3,3,7,4,7,5,1,4,4,2,7,4,2,4,7,1,6,1,7,4,2,7,1,2,7,2,7,1,6,1,7,1,7,2,7,6,81080
8108,0,3,4,6,7,5,7,6,1,5,6,4,7,4,2,5,3,1,5,4,7,3,3,5,1,3,6,3,4,2,4,2,7,2,5,3,4,7,81080
8108,0,9,4,5,7,4,7,4,1,4,4,2,7,4,2,4,7,1,6,4,7,4,6,7,1,4,7,4,6,2,6,2,7,1,6,1,6,6,81080
8108,0,12,2,6,7,2,7,2,1,2,2,2,7,1,2,2,7,1,6,1,7,3,2,6,1,2,7,2,6,1,7,2,7,1,7,2,7,6,81080
8108,1,0,3,6,7,6,7,7,2,6,2,2,7,2,2,3,7,4,3,2,7,4,6,6,2,4,7,2,6,2,5,4,6,6,6,2,7,6,81081
8108,1,3,1,7,6,4,7,7,3,7,3,2,7,1,1,6,6,6,6,5,7,7,7,6,2,5,7,5,6,3,3,2,7,2,7,6,6,7,81081
8108,1,6,2,6,6,6,6,7,2,7,2,1,6,1,1,5,7,2,3,5,7,3,6,4,2,5,7,2,6,3,2,1,6,4,5,5,6,6,81081
8108,1,9,2,6,6,3,7,6,1,6,2,2,6,5,1,3,5,2,2,2,7,4,6,3,3,1,7,3,6,2,5,2,6,2,5,4,5,4,81081
8108,1,12,2,6,7,5,6,5,1,5,1,2,7,1,1,2,6,4,5,2,5,6,6,3,2,5,7,4,6,3,3,2,6,2,6,4,6,5,81081
8109,0,0,1,6,7,2,7,2,1,2,1,3,7,6,1,2,1,2,7,1,7,1,1,3,1,2,7,2,7,2,7,1,7,1,7,2,6,2,81090
8109,0,3,1,7,7,2,7,1,1,1,1,1,7,1,1,1,7,4,6,1,7,1,1,6,1,1,7,1,7,1,7,1,7,1,7,1,7,1,81090
8109,0,6,1,7,7,1,7,1,1,1,1,1,7,5,1,1,7,2,7,1,7,1,1,6,1,1,7,1,7,2,7,1,7,1,7,1,7,5,81090
8109,0,9,1,7,7,1,7,1,1,1,1,1,7,1,1,1,7,1,7,1,7,1,1,7,1,1,7,1,7,1,7,1,7,1,7,1,7,1,81090
8109,0,12,1,7,7,1,7,1,1,1,1,1,7,1,1,1,7,1,6,1,7,1,2,7,1,1,7,1,7,1,6,1,7,1,7,1,7,2,81090
8109,1,0,2,6,6,5,6,2,2,4,2,1,7,5,3,3,6,3,3,1,7,3,3,7,2,1,6,2,6,3,5,6,6,4,7,2,7,2,81091
8109,1,3,1,7,7,5,7,2,2,1,1,1,6,1,2,1,7,2,7,1,6,1,1,7,2,1,7,1,6,2,6,1,7,2,7,2,7,6,81091
8109,1,6,1,6,6,3,7,2,2,2,1,1,7,1,1,2,7,2,6,1,7,1,2,6,2,2,7,1,7,2,6,2,7,4,7,2,7,6,81091
8109,1,9,2,7,7,2,7,2,2,1,1,2,7,1,1,1,6,2,6,1,7,2,2,7,1,1,7,1,7,3,7,3,7,2,7,2,7,4,81091
8109,1,12,2,7,7,4,7,1,1,2,1,1,7,2,1,2,7,2,6,1,7,1,7,6,2,1,6,1,7,2,6,3,7,3,7,2,7,5,81091
8110,0,0,5,7,6,1,6,5,1,1,5,5,5,2,1,1,4,1,3,1,5,1,5,7,2,2,2,1,2,2,2,1,2,6,2,1,1,1,81100
8110,0,3,1,2,6,1,7,6,1,5,2,7,4,1,1,4,2,2,6,6,1,5,6,7,1,4,6,2,5,6,2,1,4,5,1,3,1,1,81100
8110,0,6,3,7,5,1,7,6,2,2,2,6,7,5,1,2,6,3,1,6,3,6,7,1,1,1,5,6,6,7,1,6,6,1,1,5,1,1,81100
8110,1,0,6,2,2,7,2,6,6,7,6,6,2,6,6,6,3,1,2,7,2,7,7,2,4,7,3,5,6,7,2,4,5,6,2,7,2,7,81101
8110,1,6,6,2,2,7,6,7,7,7,7,7,4,5,6,7,3,4,1,7,2,7,7,1,5,5,5,4,6,2,3,2,6,2,5,7,2,6,81101
8110,1,9,6,3,3,7,5,5,5,5,7,7,3,6,6,5,5,4,2,5,5,5,6,3,5,6,2,5,5,5,2,5,3,6,3,5,3,6,81101
8111,0,0,1,2,7,2,7,2,1,2,1,1,7,2,1,1,7,1,5,2,7,2,3,7,1,2,7,1,7,1,6,1,7,7,7,1,3,1,81110
8111,0,3,1,6,7,3,7,2,1,2,1,2,7,1,1,6,7,1,7,2,7,2,1,6,1,2,1,2,7,1,7,2,7,1,7,2,6,5,81110
8111,1,0,5,3,5,5,6,5,3,6,2,4,5,5,3,5,6,5,2,4,5,5,5,3,3,3,5,3,4,5,3,5,6,4,5,6,4,6,81111
8111,1,3,3,5,5,5,6,6,3,6,4,3,5,3,4,6,5,5,5,5,5,6,3,4,3,3,5,3,5,3,3,5,5,3,5,6,4,6,81111
8111,1,6,3,5,6,4,6,5,2,5,3,4,3,3,3,5,5,5,5,3,5,5,5,5,5,3,5,3,5,5,3,5,5,3,5,6,5,6,81111
8111,1,9,4,3,5,5,6,5,2,5,4,4,5,4,3,5,4,5,4,5,5,5,4,3,3,2,5,5,5,3,4,5,5,3,5,6,5,6,81111
8111,1,12,5,5,5,6,6,6,3,6,5,4,5,2,3,5,3,3,3,3,3,5,5,3,3,2,5,2,5,3,3,5,6,2,6,3,5,7,81111
8112,0,0,1,1,7,5,7,7,1,7,1,7,7,1,1,7,7,5,7,4,7,5,2,2,1,7,7,4,7,1,7,5,7,1,7,1,7,5,81120
8112,1,0,7,4,4,4,7,1,1,7,7,1,4,1,1,4,1,1,1,1,4,7,7,4,4,7,1,1,4,7,1,7,7,7,7,7,1,7,81121
8112,1,3,4,3,4,4,4,7,4,7,7,4,4,5,4,5,6,3,4,5,4,3,5,4,7,4,5,6,5,4,7,4,5,6,7,4,5,4,81121
8112,1,6,7,7,4,4,4,1,6,1,4,4,4,4,4,4,3,3,3,3,4,4,4,4,4,5,4,3,4,5,4,3,4,4,3,4,4,3,81121
8112,1,12,7,4,1,4,1,7,7,7,7,7,1,4,7,4,1,1,1,7,1,7,7,4,7,7,1,4,4,4,1,4,4,7,4,7,4,4,81121
8113,0,0,2,2,4,2,5,2,2,2,2,6,6,2,2,2,6,2,5,3,4,2,2,6,2,2,6,2,6,2,6,6,6,4,6,2,6,2,81130
8113,1,0,1,4,7,4,4,5,3,4,4,4,4,6,5,5,3,4,5,7,4,5,4,4,3,4,2,4,4,4,4,4,4,5,7,5,3,5,81131
8113,1,3,4,4,6,5,7,7,3,4,4,6,4,7,3,4,4,4,2,6,4,6,4,4,3,3,1,6,5,4,4,4,4,4,4,4,2,7,81131
8113,1,6,4,4,5,3,4,5,4,4,5,6,4,7,4,3,3,3,4,6,4,6,4,5,4,4,2,4,5,1,4,4,5,3,5,3,3,4,81131
8113,1,9,4,6,4,4,5,4,4,3,4,4,4,4,4,3,3,4,4,6,4,4,3,5,3,4,2,4,6,3,3,4,6,4,7,4,3,2,81131
8113,1,12,4,5,4,4,4,4,4,3,4,4,4,5,4,2,2,2,4,3,4,4,3,5,4,4,2,4,4,2,5,3,4,2,5,4,3,1,81131
8114,0,0,2,4,6,5,6,6,2,6,2,3,6,1,3,6,6,5,3,3,6,6,5,3,2,3,7,3,7,2,4,3,7,1,7,3,6,6,81140
8114,0,3,3,5,6,6,6,6,2,6,2,5,6,3,2,5,6,3,5,2,5,5,3,4,2,4,6,3,6,2,5,2,6,2,6,4,3,5,81140
8114,0,6,1,4,6,4,7,5,2,5,2,3,7,2,2,4,7,5,7,3,6,5,2,5,2,2,7,2,6,1,7,2,6,2,7,1,5,2,81140
8114,0,9,2,2,6,5,6,6,2,5,2,6,6,4,3,5,6,4,5,5,5,5,3,4,2,3,5,5,5,3,4,4,5,3,6,3,5,4,81140
8114,0,12,6,6,6,4,6,5,6,5,2,3,6,3,3,4,6,4,6,3,5,5,2,4,2,5,5,4,6,4,6,4,6,3,7,2,5,3,81140
8114,1,0,2,5,5,3,2,3,5,2,3,2,5,2,5,2,5,2,3,2,5,3,6,6,4,2,5,3,5,1,3,4,5,2,5,2,5,2,81141
8114,1,3,4,6,5,3,2,2,2,3,3,3,4,4,4,2,5,2,3,2,4,3,6,5,5,1,4,4,5,1,3,4,5,2,4,2,3,2,81141
8114,1,6,5,7,4,3,2,1,5,3,5,2,4,3,5,3,5,2,3,3,4,4,5,2,5,2,5,3,5,2,3,4,4,4,5,2,5,2,81141
8114,1,9,4,2,4,2,2,2,4,2,5,4,4,4,4,4,5,2,4,3,3,4,4,4,5,1,4,4,5,3,4,4,5,2,5,1,3,1,81141
8114,1,12,5,5,4,3,3,3,5,4,4,4,3,4,4,3,5,3,3,2,5,4,5,6,4,1,5,5,5,1,3,4,5,2,5,1,5,1,81141
8115,0,0,1,3,6,4,3,5,4,5,3,5,5,6,3,5,6,4,4,3,5,5,3,4,2,5,7,3,7,2,5,3,5,3,6,4,5,3,81150
8115,0,3,1,3,7,3,4,6,3,5,1,4,3,5,2,5,7,2,6,5,5,5,2,3,2,5,6,3,7,5,6,3,7,5,7,3,5,5,81150
8115,0,6,1,3,6,3,6,3,1,5,1,5,6,5,1,4,7,4,6,3,6,5,2,2,2,5,7,4,7,3,7,2,7,3,7,4,6,5,81150
8115,0,9,1,2,6,5,5,6,3,5,1,5,6,4,3,5,6,3,5,3,5,5,2,3,2,6,6,4,6,2,6,3,7,4,5,4,6,4,81150
8115,0,12,1,1,5,5,5,6,3,6,2,6,5,5,2,6,6,4,5,5,5,5,2,3,2,6,6,4,6,4,5,4,6,6,6,5,5,5,81150
8115,1,0,2,5,7,4,4,7,3,3,3,4,5,6,3,3,5,2,5,4,5,4,3,5,2,3,7,7,6,3,6,5,7,3,5,5,5,6,81151
8115,1,3,4,6,6,3,5,2,2,2,2,5,5,7,2,2,6,2,6,2,6,2,2,7,2,2,7,2,7,2,6,2,6,2,6,4,4,2,81151
8115,1,6,3,5,6,3,5,4,3,3,3,2,6,4,2,2,5,2,5,2,5,2,2,5,2,2,6,2,5,2,6,2,5,2,5,2,5,2,81151
8115,1,9,2,6,6,2,6,2,2,2,2,2,6,4,2,2,5,3,5,2,6,2,2,6,2,2,6,2,6,2,7,2,6,2,6,2,6,2,81151
8115,1,12,5,3,5,2,5,4,3,4,2,5,5,2,2,4,5,2,4,3,5,2,2,6,2,2,6,2,2,4,5,2,5,2,2,2,5,5,81151
8116,0,0,1,4,5,4,7,4,4,1,4,4,5,3,2,4,3,1,3,1,5,4,2,6,2,2,4,1,5,1,5,1,5,1,5,1,6,1,81160
8116,0,3,2,6,6,1,5,4,3,4,4,4,5,4,2,2,6,3,6,1,5,5,3,7,2,3,5,2,5,1,7,1,5,1,7,1,6,1,81160
8116,0,6,2,5,6,2,6,2,4,2,2,4,6,4,4,2,6,3,5,2,5,3,3,6,2,2,4,4,5,1,6,2,5,1,6,2,6,2,81160
8116,0,9,2,5,6,2,5,2,3,1,4,4,4,4,1,1,5,4,6,1,5,4,3,6,3,3,4,3,5,2,6,1,5,1,5,2,6,1,81160
8116,0,12,3,6,6,2,6,2,3,1,4,4,4,4,1,1,6,1,6,1,6,2,1,7,3,1,4,2,5,1,6,1,5,1,7,1,6,1,81160
8116,1,0,3,1,4,2,5,3,5,1,3,2,6,2,3,2,5,1,5,2,5,1,2,7,5,1,2,1,4,5,5,1,4,1,4,2,3,7,81161
8116,1,3,2,2,5,3,6,2,4,2,3,3,3,3,2,3,5,2,4,2,5,2,3,7,2,5,5,2,6,4,5,2,4,7,5,5,4,7,81161
8116,1,6,2,7,6,1,6,2,2,1,2,2,1,2,2,1,6,2,6,2,5,2,2,2,1,2,6,2,7,5,5,1,6,1,6,1,4,7,81161
8116,1,9,2,6,6,4,3,5,2,2,2,1,1,6,2,5,2,1,5,6,4,2,1,6,2,6,2,4,2,6,3,1,4,5,1,1,2,7,81161
8116,1,12,6,6,6,3,6,2,5,4,4,4,6,4,2,5,6,2,6,5,6,3,2,6,2,2,4,2,5,5,5,2,5,2,6,6,5,6,81161
8117,0,0,3,6,7,4,7,5,2,2,2,3,6,3,2,3,5,4,6,2,7,2,3,6,1,2,5,3,5,3,6,2,6,1,6,2,7,5,81170
8117,0,3,2,7,7,2,7,2,1,3,4,3,6,5,2,2,5,2,6,2,6,2,2,6,2,1,3,2,5,1,6,1,6,1,7,1,7,4,81170
8117,0,6,2,6,6,3,7,2,2,1,2,3,6,1,1,2,6,2,7,1,7,3,2,7,1,2,5,2,5,1,6,1,6,1,6,2,6,3,81170
8117,0,9,2,6,7,3,7,3,2,1,3,4,6,1,1,2,6,3,6,2,6,2,2,6,1,2,5,2,5,2,6,1,6,1,6,2,6,2,81170
8117,0,12,2,6,7,2,6,5,2,2,2,3,7,2,1,3,6,2,6,1,6,5,3,7,2,1,6,2,6,1,7,2,6,1,6,2,6,5,81170
8117,1,0,3,3,5,3,6,5,3,4,2,4,5,2,3,4,5,5,4,3,5,5,3,4,3,2,4,4,5,3,5,3,5,2,5,2,5,2,81171
8117,1,3,3,2,5,4,5,4,3,4,4,5,3,3,3,4,5,5,4,4,4,5,5,4,4,2,5,4,5,3,3,4,5,2,5,4,5,6,81171
8117,1,6,3,3,5,3,6,3,3,3,3,4,4,3,3,4,5,4,4,4,3,4,4,4,3,2,4,4,4,3,4,4,5,2,4,4,4,4,81171
8117,1,9,3,6,6,4,6,4,3,4,3,4,4,3,3,3,5,5,4,2,5,4,3,4,3,1,5,4,5,2,5,3,5,2,6,3,5,4,81171
8117,1,12,6,6,6,3,6,4,3,2,4,5,3,3,3,2,5,5,5,2,5,5,3,4,3,1,5,4,5,2,5,2,6,1,6,2,5,5,81171
8118,0,0,1,6,7,3,7,1,1,2,1,1,7,1,1,2,6,1,7,1,7,1,6,2,1,2,6,1,6,1,7,1,6,1,6,2,7,4,81180
8118,0,3,2,7,7,5,7,5,2,5,2,1,7,1,1,1,6,1,7,1,7,3,2,6,2,1,6,1,6,1,7,1,6,1,7,1,7,1,81180
8118,1,0,1,1,7,6,6,5,1,6,2,5,5,5,1,7,7,7,3,3,6,5,5,1,1,3,7,6,6,3,4,4,6,3,5,4,6,7,81181
8118,1,3,1,2,7,7,6,7,1,6,2,3,6,5,1,7,6,5,2,5,7,6,4,1,1,5,6,5,6,4,3,4,5,5,6,4,5,7,81181
8118,1,9,1,1,7,6,5,7,1,7,1,6,6,7,1,7,6,6,2,7,7,7,5,1,1,5,5,7,5,6,5,4,4,6,2,5,4,7,81181
8118,1,12,2,1,6,7,5,7,1,7,3,7,5,7,1,7,4,5,4,7,6,7,6,1,1,6,3,6,3,6,3,5,2,6,4,7,3,7,81181
8119,0,0,3,5,5,4,6,3,2,5,4,3,6,6,3,5,6,3,2,5,5,4,5,6,3,4,5,4,5,5,3,3,5,3,5,3,4,5,81190
8120,0,0,6,3,5,5,5,6,5,6,6,6,3,4,4,5,5,4,6,5,5,5,4,3,2,5,6,3,6,6,6,5,6,5,6,7,5,6,81200
8120,0,6,6,3,4,5,5,6,5,5,5,5,4,5,5,5,4,2,5,5,5,4,4,4,3,4,6,4,5,5,5,4,6,4,5,5,5,6,81200
8120,0,9,5,5,6,5,5,5,5,5,5,4,3,3,4,5,5,5,6,5,4,5,4,3,3,5,5,3,5,3,5,4,6,6,6,6,5,5,81200
8120,0,12,3,6,6,6,6,6,5,6,6,4,5,4,4,4,5,3,5,5,6,5,5,4,5,5,6,4,6,4,5,5,6,5,5,5,5,5,81200
8120,1,0,5,6,4,3,5,4,3,4,5,4,2,6,3,2,3,1,4,3,2,4,4,5,4,1,5,2,3,4,5,2,4,2,4,2,2,4,81201
8120,1,3,5,1,3,2,6,1,2,2,2,4,4,6,2,2,5,1,3,2,2,2,5,7,5,1,2,3,5,2,4,1,5,4,5,5,1,5,81201
8120,1,6,6,2,5,3,4,4,3,4,5,4,2,7,2,2,5,1,5,5,4,3,3,6,4,1,3,2,5,3,5,1,5,5,6,2,3,6,81201
8120,1,9,5,7,6,3,7,4,2,5,5,4,2,5,1,1,3,1,6,2,3,4,1,6,2,1,2,6,5,3,6,4,6,2,7,1,2,7,81201
8120,1,12,5,6,4,3,6,4,2,3,5,4,6,7,3,3,5,1,5,5,3,4,4,4,2,1,5,5,5,4,5,4,6,5,5,2,3,6,81201
8121,0,0,2,3,6,4,7,4,1,4,2,4,6,5,2,4,6,5,5,2,5,6,5,3,1,3,6,6,6,3,5,4,6,3,6,5,5,6,81210
8121,0,3,2,3,6,4,7,5,1,5,3,5,5,5,2,5,6,6,4,5,6,6,4,3,1,2,4,5,5,3,4,5,5,5,5,6,4,6,81210
8121,0,6,2,4,6,4,7,5,1,5,3,5,6,5,2,5,5,6,5,5,6,5,3,3,1,3,5,5,5,5,5,3,5,5,4,6,3,5,81210
8121,0,9,3,2,6,5,6,4,1,4,2,4,6,5,2,5,4,6,3,4,4,5,4,3,2,5,4,5,5,4,3,4,5,3,5,5,3,5,81210
8121,0,12,2,2,6,3,7,2,1,4,2,4,6,5,2,2,6,6,4,3,5,5,3,5,1,3,6,5,5,2,5,3,6,4,5,5,3,5,81210
8121,1,0,6,2,5,2,6,4,2,4,5,2,5,2,3,3,4,1,5,4,5,3,4,3,1,2,5,2,6,2,5,1,6,1,6,5,6,2,81211
8121,1,3,3,3,6,4,5,3,2,4,3,3,3,3,2,3,5,2,5,3,5,3,3,3,3,3,6,2,6,4,6,2,6,2,6,2,6,4,81211
8121,1,6,4,4,6,4,5,4,3,3,5,2,3,3,2,5,5,2,5,5,3,5,5,3,2,2,6,2,6,NA,5,NA,6,2,6,5,4,6,81211
8121,1,9,2,2,5,2,5,3,2,3,3,2,5,2,2,3,5,2,5,2,5,2,5,2,2,3,5,2,5,2,4,2,5,2,5,3,5,5,81211
8121,1,12,4,4,4,5,5,4,4,4,4,4,4,3,3,5,3,3,3,3,3,4,5,4,4,2,3,2,4,4,3,3,4,2,3,4,4,4,81211
8122,0,0,1,6,5,4,7,7,1,1,2,1,7,1,1,2,7,4,4,1,7,5,3,3,1,2,7,1,7,1,4,5,7,1,7,4,7,1,81220
8122,0,3,1,7,7,1,7,5,1,1,1,1,7,1,1,1,7,3,7,1,7,4,1,6,1,1,7,1,7,1,7,1,7,1,7,1,7,1,81220
8122,1,0,5,4,7,4,7,5,1,3,3,4,6,1,2,3,4,2,3,1,7,4,5,3,2,1,7,3,4,1,4,3,6,1,7,4,7,4,81221
8122,1,3,1,7,7,2,7,2,2,1,1,4,7,1,1,1,7,1,5,1,7,1,1,7,1,1,7,1,7,1,7,1,7,1,7,1,7,1,81221
8123,1,0,1,7,7,2,7,4,1,1,1,1,7,2,1,1,7,2,7,1,7,4,1,1,1,1,7,2,7,1,7,1,7,1,7,1,7,7,81231
8124,0,0,5,5,5,3,7,5,2,2,3,3,7,3,3,3,6,3,5,3,6,3,3,3,3,3,6,2,7,2,6,3,7,2,7,2,6,3,81240
8124,0,3,1,2,6,2,7,2,1,2,2,2,2,2,2,2,7,2,5,1,6,2,2,2,2,2,6,2,6,2,6,2,6,2,6,2,6,2,81240
8124,0,6,2,1,5,2,6,2,6,2,2,1,6,2,2,2,6,2,5,2,6,2,2,2,2,2,6,2,6,2,6,2,6,6,6,2,6,2,81240
8124,0,9,1,6,6,3,6,2,2,2,2,2,2,2,2,2,6,2,6,2,6,2,2,6,2,2,6,2,6,2,6,2,6,2,6,2,6,3,81240
8124,0,12,3,3,5,3,7,3,5,3,3,3,3,3,2,2,6,2,5,3,6,5,4,2,2,3,7,3,7,3,6,3,7,3,7,3,6,5,81240
8124,1,0,1,6,7,4,6,2,1,2,1,1,7,6,1,2,7,1,6,1,7,2,1,7,1,2,7,1,7,1,7,3,7,1,7,1,7,1,81241
8124,1,3,1,6,7,2,5,2,1,2,1,1,7,5,1,1,7,1,7,1,6,1,2,7,1,1,7,1,7,1,6,1,7,1,7,1,6,4,81241
8124,1,6,1,6,7,2,5,2,2,1,1,1,7,6,1,1,7,1,6,1,7,1,2,7,1,1,7,1,6,1,6,2,7,1,7,1,6,1,81241
8124,1,9,1,6,6,1,6,1,1,1,1,1,6,5,1,1,7,1,5,1,6,1,5,7,1,1,7,1,7,1,6,2,7,1,7,1,6,1,81241
8124,1,12,1,6,7,2,6,2,1,1,1,1,7,5,1,1,7,1,6,1,7,1,1,7,1,1,7,1,7,1,7,1,7,1,7,1,6,1,81241
8125,0,0,1,1,1,1,1,1,1,1,1,1,1,1,1,1,7,1,1,1,1,1,1,1,1,1,7,1,7,1,1,1,7,1,7,1,7,1,81250
8125,1,0,4,6,4,4,3,7,4,4,4,5,5,5,4,4,1,1,2,4,4,5,5,7,4,4,5,3,3,NA,3,1,4,1,5,1,4,1,81251
8126,0,0,5,6,7,1,7,5,1,3,5,1,1,4,1,2,6,1,5,1,7,5,5,7,1,1,6,1,6,1,6,2,6,1,7,1,6,1,81260
8126,0,3,1,7,7,1,7,4,1,1,1,1,7,1,1,1,7,1,7,1,7,1,1,7,1,1,7,1,7,1,7,1,7,1,7,1,7,1,81260
8126,0,6,1,1,7,1,7,1,1,1,1,1,1,5,1,1,1,1,7,7,7,1,1,1,1,1,7,1,7,1,7,1,7,4,7,1,7,1,81260
8126,0,9,1,1,7,3,7,1,1,1,1,1,1,1,1,1,7,1,5,1,7,1,1,1,1,1,7,1,7,1,6,1,7,4,6,1,7,1,81260
8126,0,12,1,7,7,4,7,7,1,1,1,1,7,1,1,1,7,1,7,1,7,1,1,7,1,1,7,1,7,1,7,1,NA,1,7,1,6,1,81260
8126,1,0,2,6,7,2,6,2,2,1,1,4,7,1,1,1,7,1,6,1,7,1,5,7,1,1,6,1,7,1,5,1,6,1,7,2,5,1,81261
8126,1,3,2,6,7,5,5,2,2,2,2,4,6,2,1,1,6,1,5,1,7,2,3,7,2,1,6,1,6,1,NA,1,5,1,6,1,6,1,81261
8126,1,6,1,7,7,1,7,1,2,1,1,1,7,1,1,1,6,1,6,1,7,1,1,7,1,1,5,1,6,1,6,1,6,1,6,1,6,1,81261
8126,1,9,1,6,6,1,6,2,2,1,1,4,6,1,1,1,6,1,5,1,1,1,4,7,1,1,6,1,6,1,5,1,6,1,7,1,6,1,81261
8126,1,12,2,6,6,2,6,2,5,2,2,4,6,1,1,1,5,1,5,2,5,2,4,6,2,2,6,1,6,2,5,1,5,1,5,1,5,2,81261
8127,0,0,6,4,4,4,5,4,6,6,6,1,4,4,2,2,3,2,4,NA,4,4,4,2,5,6,4,4,6,2,5,1,5,1,4,5,7,6,81270
8127,0,3,6,4,5,4,2,2,6,2,6,4,5,4,5,1,5,4,5,2,2,4,2,7,5,5,5,4,4,5,4,4,5,5,6,5,5,6,81270
8127,1,0,1,3,7,5,7,2,1,2,2,2,6,2,2,2,6,1,6,1,6,1,2,2,2,2,7,7,6,2,6,1,6,1,7,2,4,4,81271
8127,1,3,1,7,7,1,7,5,2,4,2,5,2,6,2,4,7,5,6,1,6,4,1,4,1,1,7,2,6,1,7,1,6,2,7,2,5,4,81271
8127,1,6,1,2,7,1,7,2,1,2,2,4,6,5,1,2,6,4,6,1,6,1,1,6,2,2,6,2,6,2,6,2,6,6,6,1,6,4,81271
8128,0,0,1,4,7,2,7,5,1,2,1,4,7,1,1,2,6,4,4,1,7,4,3,7,1,5,6,3,6,1,5,2,6,1,7,1,6,1,81280
8128,0,3,1,7,6,1,7,1,1,1,1,1,7,1,1,1,7,1,6,1,7,1,1,7,1,1,7,1,7,1,7,1,7,1,7,1,7,1,81280
8128,0,6,1,7,6,1,7,1,1,1,1,1,7,1,1,1,7,2,6,1,7,1,1,7,1,1,7,1,7,1,6,1,7,1,7,1,7,1,81280
8128,0,9,1,7,5,4,7,1,3,2,3,4,1,1,1,1,7,2,4,1,7,4,3,6,4,1,7,1,7,1,4,2,7,1,7,2,7,1,81280
8128,0,12,1,7,6,2,7,2,1,1,1,1,7,1,1,1,7,1,7,1,7,1,1,7,1,1,7,1,7,1,7,4,7,1,7,1,7,1,81280
8128,1,0,3,6,6,5,6,5,3,5,3,4,5,2,2,2,6,6,3,1,6,5,6,3,2,2,6,3,6,2,3,2,6,1,7,5,6,6,81281
8128,1,3,6,3,6,5,6,5,2,3,6,4,6,2,2,3,6,3,5,1,6,3,2,6,2,2,7,3,6,1,5,2,6,2,6,5,6,5,81281
8128,1,6,1,6,6,5,7,4,2,2,2,4,6,2,2,2,6,3,5,2,6,3,2,6,2,2,7,2,7,2,6,2,6,1,7,3,6,5,81281
8128,1,9,2,5,6,5,7,2,2,3,2,3,6,2,2,3,6,3,3,2,6,2,5,3,2,2,7,2,6,1,3,2,6,1,6,2,6,5,81281
8128,1,12,2,6,6,3,6,5,2,2,2,3,5,1,2,2,6,4,6,3,6,5,2,6,2,2,7,2,6,2,6,2,6,1,6,3,6,3,81281
8129,0,0,4,5,6,2,7,3,5,2,4,1,1,1,1,1,7,1,4,1,1,1,1,7,4,1,1,1,1,1,4,3,1,1,2,3,1,1,81290
8129,0,3,6,6,6,4,6,2,4,1,4,4,5,2,4,1,2,5,4,1,1,4,6,6,4,1,1,1,4,1,1,4,4,1,1,4,1,1,81290
8129,1,0,2,4,7,5,7,7,1,7,4,7,7,7,4,7,7,3,1,7,7,7,7,1,1,7,5,7,7,2,1,7,7,5,5,1,4,7,81291
8129,1,3,1,4,7,6,7,6,1,3,NA,1,1,4,1,2,7,4,NA,3,7,6,7,1,1,1,7,1,7,NA,1,4,NA,1,4,6,NA,4,81291
8129,1,6,1,1,7,6,7,7,1,6,5,4,7,4,1,6,6,7,1,4,7,7,7,1,1,7,7,5,7,1,1,5,7,1,7,7,7,7,81291
8129,1,9,2,1,7,7,7,7,1,7,3,7,7,7,1,7,5,5,1,7,7,7,1,1,1,7,7,7,2,5,1,7,4,4,4,2,2,7,81291
8129,1,12,1,7,5,5,7,7,1,3,5,4,7,4,1,5,7,4,3,1,7,7,7,4,1,1,NA,4,7,1,4,6,NA,1,7,1,7,7,81291
8130,0,0,1,7,6,1,7,5,1,2,2,1,3,1,2,1,6,1,3,1,5,2,5,7,2,1,6,2,6,1,3,1,6,1,6,2,7,1,81300
8130,0,3,3,6,6,1,6,2,2,1,2,1,5,1,2,1,6,2,4,1,4,2,3,7,3,1,6,1,6,1,5,1,7,1,7,1,7,1,81300
8130,0,6,3,7,6,2,6,2,2,1,3,1,4,1,2,1,5,1,4,1,4,2,5,6,3,1,5,2,5,2,3,1,5,1,6,2,6,2,81300
8130,1,0,2,6,5,3,6,5,2,2,1,4,3,2,1,2,6,4,6,2,2,7,6,5,1,1,7,5,6,4,5,1,6,1,6,5,6,3,81301
8130,1,3,1,4,7,4,7,5,2,3,1,4,5,2,1,2,7,4,5,2,6,4,5,5,3,1,7,4,6,2,5,1,6,1,6,3,6,5,81301
8130,1,6,2,6,7,3,7,2,2,3,2,2,5,2,2,2,7,3,6,2,6,3,3,6,2,1,6,2,6,1,7,1,7,2,7,1,6,5,81301
8130,1,9,1,6,7,3,6,3,2,2,1,2,6,2,1,2,7,4,6,2,5,3,5,5,2,2,6,3,7,1,5,1,6,1,7,3,6,4,81301
8130,1,12,1,7,7,2,7,5,2,3,2,2,7,1,2,3,6,4,6,2,6,2,2,6,1,1,6,2,7,1,6,1,7,1,6,2,7,3,81301
8131,0,0,2,7,7,1,7,2,2,1,2,1,7,1,1,1,7,1,7,1,7,1,1,1,1,2,7,1,7,1,7,1,7,1,7,1,7,2,81310
8131,0,3,2,7,7,2,7,2,5,2,2,1,6,1,2,1,7,1,6,1,6,1,1,7,1,2,7,1,7,1,7,1,7,2,7,1,7,2,81310
8131,0,6,2,6,6,2,7,2,1,2,2,2,6,1,2,2,7,1,7,1,7,1,1,7,1,1,7,1,7,1,7,2,7,1,7,1,6,4,81310
8131,0,9,1,7,7,2,6,1,2,1,1,1,7,1,1,1,7,1,7,1,7,1,1,7,1,1,7,1,7,2,7,1,7,1,7,1,6,2,81310
8131,0,12,1,7,7,1,7,1,1,1,1,1,7,1,1,1,7,1,7,1,7,1,1,7,1,1,7,1,7,1,7,1,7,1,7,1,7,2,81310
8131,1,0,2,5,6,3,7,4,2,2,2,2,7,2,2,2,6,1,7,2,6,2,3,6,2,1,6,2,7,1,7,2,7,2,7,2,6,7,81311
8131,1,3,1,7,7,1,7,1,1,1,1,1,7,1,1,1,7,1,7,1,7,1,1,7,1,1,7,1,7,1,7,1,7,1,7,1,7,1,81311
8131,1,6,1,2,7,2,7,1,1,2,1,1,7,1,1,2,7,1,7,1,7,1,1,7,1,1,7,1,7,1,7,1,7,1,7,1,7,3,81311
8131,1,9,2,6,7,2,7,2,2,2,3,2,7,1,1,2,6,1,7,1,7,1,1,7,2,1,6,1,6,1,6,1,6,1,7,2,6,4,81311
8131,1,12,1,7,7,1,6,1,1,1,1,1,7,1,1,1,7,1,7,1,7,1,1,6,1,1,7,1,7,1,7,1,7,1,7,1,7,1,81311
8132,0,0,3,3,5,5,5,5,4,5,3,3,5,3,1,3,5,2,5,2,5,3,3,5,2,4,7,3,7,1,5,5,6,1,7,4,5,5,81320
8132,0,3,2,6,5,2,6,5,4,3,4,2,6,1,1,2,6,2,4,1,6,4,2,4,2,4,6,2,6,1,5,5,6,1,7,4,6,4,81320
8132,0,6,2,5,5,4,5,4,5,4,3,2,5,1,4,4,5,3,4,2,5,5,3,5,4,4,6,4,6,1,4,5,6,1,7,4,5,2,81320
8132,0,12,2,6,3,3,5,2,5,2,2,1,6,1,2,2,6,1,6,1,6,2,2,6,2,2,7,1,7,1,6,3,7,1,7,1,6,1,81320
8132,1,0,6,4,4,5,4,3,4,3,5,3,4,5,4,3,4,3,4,3,4,7,5,3,4,3,3,3,4,3,4,3,5,5,4,6,5,4,81321
8132,1,12,4,5,4,5,3,5,4,3,4,3,4,5,4,4,4,3,4,4,4,6,5,6,4,2,3,3,4,5,2,4,5,2,5,7,5,5,81321
8133,0,0,5,7,4,4,3,6,5,2,5,4,3,5,2,1,3,1,3,1,7,1,7,7,5,1,7,4,5,6,3,1,6,5,7,1,4,5,81330
8133,0,3,4,4,4,4,4,4,4,4,4,4,4,4,4,4,4,4,4,4,4,4,4,4,4,4,4,4,4,4,4,4,4,4,4,4,4,4,81330
8133,1,0,4,3,6,4,4,2,2,5,2,4,3,4,2,3,4,5,3,4,5,4,5,4,3,4,3,5,5,5,3,4,6,2,6,6,4,4,81331
8133,1,3,4,2,5,4,5,4,4,4,4,4,4,4,4,4,4,4,4,4,4,4,4,4,4,4,4,4,4,4,4,4,4,4,4,4,4,4,81331
8134,0,0,3,3,4,3,5,5,3,3,3,3,3,3,3,5,4,5,4,5,5,4,4,3,3,2,3,3,3,5,5,5,5,5,5,4,4,3,81340
8134,0,3,5,7,7,2,7,2,1,3,1,2,2,2,2,2,7,1,6,1,7,2,2,2,2,1,7,1,7,2,7,1,7,1,7,2,6,2,81340
8134,0,6,1,2,3,2,3,2,2,2,2,2,3,2,2,2,2,4,4,3,2,3,2,2,2,3,2,2,2,2,2,2,2,2,3,3,2,3,81340
8134,0,9,3,2,6,3,6,2,2,2,3,2,5,3,3,2,2,3,3,2,5,3,3,3,3,2,6,2,6,2,3,3,5,2,6,2,6,2,81340
8134,0,12,5,3,6,5,5,3,3,3,3,3,5,3,3,3,3,3,3,3,5,3,2,6,2,2,3,3,3,3,3,3,5,3,6,2,5,5,81340
8134,1,0,3,1,5,5,5,7,2,7,2,6,5,5,2,7,6,6,4,7,5,7,3,2,2,7,7,5,5,3,6,3,6,3,6,3,5,6,81341
8134,1,3,2,4,6,5,6,4,2,2,1,6,6,5,1,1,6,1,5,3,6,2,2,4,1,1,7,1,7,1,6,1,7,2,7,1,6,1,81341
8134,1,6,2,1,5,5,6,6,2,6,3,7,2,2,2,6,7,5,5,4,6,5,5,2,3,6,7,5,7,4,5,3,7,3,6,2,5,7,81341
8134,1,9,4,5,5,3,5,3,3,4,2,6,3,5,2,6,6,5,5,5,5,4,5,5,5,5,5,4,4,4,4,4,4,4,4,4,4,4,81341
8134,1,12,2,2,7,2,5,4,2,3,1,5,6,4,1,5,3,3,4,3,6,3,2,2,2,4,6,5,5,2,2,2,6,2,6,2,5,2,81341
8135,0,0,1,4,5,5,6,5,3,5,3,5,5,5,3,4,5,4,6,3,5,3,3,4,2,4,6,3,5,4,6,2,5,2,4,2,4,2,81350
8135,1,0,2,6,6,6,6,6,3,5,2,2,5,4,5,6,4,5,3,5,5,5,5,4,3,5,6,3,5,2,5,1,6,1,6,6,6,5,81351
8135,1,3,4,6,5,2,5,2,2,2,2,4,6,6,2,2,5,2,6,2,5,5,2,1,2,1,5,2,6,1,5,2,6,1,6,1,6,2,81351
8136,0,0,4,6,5,4,3,3,4,2,4,4,4,3,3,2,3,4,5,3,3,3,3,5,3,2,3,3,4,2,5,3,4,2,6,2,5,3,81360
8136,0,3,4,6,5,2,5,2,3,2,4,2,4,2,2,2,5,2,6,2,6,2,2,6,2,2,4,2,5,2,6,2,5,2,6,2,6,4,81360
8136,0,6,3,6,6,4,4,4,3,2,4,3,4,3,4,2,5,4,4,2,5,3,3,6,2,3,4,2,4,2,5,4,5,2,6,2,6,4,81360
8136,0,9,3,6,5,2,4,4,4,2,4,4,3,3,5,2,3,4,4,2,3,2,4,6,3,2,3,2,4,2,5,2,4,2,6,3,6,4,81360
8136,0,12,3,6,4,2,4,4,3,3,3,3,4,3,3,2,5,3,5,3,5,3,3,6,3,2,5,3,5,2,5,4,5,2,6,3,6,3,81360
8136,1,0,5,2,6,7,7,7,2,5,3,6,4,5,3,5,5,5,5,5,5,5,3,2,2,3,5,5,5,5,5,5,6,3,5,6,6,6,81361
8136,1,3,5,3,5,6,5,6,2,5,3,5,5,6,2,5,6,5,4,5,5,5,5,2,3,3,5,5,6,3,5,3,5,1,5,5,6,5,81361
8136,1,6,5,2,5,5,5,6,4,5,4,1,2,3,5,5,5,5,5,4,5,5,5,3,4,5,5,4,5,4,5,5,5,3,5,5,5,5,81361
8136,1,9,5,2,5,6,5,6,5,5,5,5,3,6,5,5,5,3,4,5,3,6,5,3,5,1,5,6,5,5,4,5,5,3,5,6,4,7,81361
8136,1,12,4,2,5,5,4,7,3,6,3,5,4,5,5,6,5,3,4,5,4,5,5,3,4,3,5,5,5,3,4,5,5,2,5,5,5,5,81361
8137,0,0,4,1,4,4,4,4,2,3,3,5,4,4,2,4,4,1,4,4,4,4,4,4,1,2,7,4,6,3,4,4,7,2,4,2,7,2,81370
8137,0,3,4,4,7,5,5,6,4,4,6,4,4,4,4,4,4,4,4,5,4,4,4,5,2,2,7,4,4,4,4,4,6,2,4,4,4,4,81370
8137,0,6,1,4,7,4,4,4,4,4,3,4,4,4,4,4,4,4,4,4,4,4,4,4,4,4,4,4,4,4,4,4,4,4,4,4,4,4,81370
8137,0,9,4,4,4,4,4,4,4,4,4,4,4,4,4,4,4,4,4,4,4,4,4,4,4,4,4,4,4,4,4,4,4,4,4,4,4,4,81370
8137,0,12,2,4,6,4,7,4,2,3,2,4,4,2,2,4,6,2,2,4,4,4,6,4,6,2,7,4,7,3,2,4,6,2,6,1,6,4,81370
8137,1,0,4,6,5,4,5,2,2,3,4,4,6,2,2,2,4,2,4,3,4,4,5,4,2,4,5,2,6,2,4,4,6,1,4,2,5,4,81371
8137,1,3,4,2,4,4,4,4,4,4,4,4,3,4,4,5,4,4,5,4,5,4,5,5,4,5,4,4,4,4,4,4,4,4,4,4,4,4,81371
8137,1,6,4,4,4,4,4,4,4,4,4,4,4,4,4,4,2,4,4,4,4,4,4,4,4,4,4,4,4,4,4,4,4,4,4,4,4,4,81371
8137,1,9,4,6,5,4,6,4,4,4,4,5,3,5,4,4,5,3,5,4,4,4,4,4,4,4,4,4,4,4,4,4,4,4,4,5,4,4,81371
8137,1,12,4,1,3,5,2,7,2,7,3,4,4,4,2,7,2,4,1,7,2,7,2,2,3,6,2,5,3,7,2,7,3,4,5,4,1,4,81371
8138,0,0,1,3,7,5,7,7,3,6,2,4,7,5,5,5,6,5,7,7,7,5,5,3,2,2,7,5,6,5,5,5,6,6,4,3,4,5,81380
8138,0,3,2,5,7,4,7,5,1,5,1,6,7,5,1,5,7,3,5,5,7,5,5,4,2,2,7,6,6,5,5,5,6,5,5,3,4,3,81380
8138,0,6,3,6,7,5,7,6,3,3,1,5,5,6,2,2,5,2,5,5,5,5,3,3,2,3,5,6,5,5,5,3,5,5,5,3,5,2,81380
8138,0,9,1,6,7,3,7,5,1,3,1,5,7,6,1,2,7,3,5,5,7,5,1,5,1,2,6,5,6,5,5,3,7,5,5,2,5,3,81380
8138,0,12,2,3,6,3,6,5,3,3,2,3,5,5,3,3,2,3,5,3,6,3,3,5,3,3,6,5,6,3,5,3,6,3,3,3,5,4,81380
8138,1,0,1,1,6,7,2,6,2,6,2,2,2,1,2,6,6,2,4,3,5,3,2,2,2,5,7,2,7,1,5,1,7,1,7,6,6,7,81381
8138,1,3,3,5,3,5,3,4,5,5,2,2,4,2,4,4,6,2,5,3,4,3,3,5,2,3,6,2,6,1,5,2,6,2,5,2,5,5,81381
8138,1,6,3,5,5,3,4,3,4,3,3,2,4,1,2,2,5,1,4,2,4,2,3,5,2,2,5,1,5,1,4,1,5,1,5,4,5,4,81381
8138,1,9,1,1,7,4,5,1,2,3,1,1,7,1,1,1,7,1,7,1,7,1,1,7,1,1,7,1,7,1,7,1,7,1,7,1,7,5,81381
8138,1,12,1,4,7,4,6,4,2,4,1,4,6,1,2,4,7,1,6,1,6,4,2,6,2,4,7,2,7,1,6,1,7,1,7,4,6,6,81381
8139,1,0,2,1,4,5,2,7,2,6,4,7,4,4,4,6,4,4,2,7,3,6,7,3,4,5,4,6,1,4,2,7,4,4,4,4,4,6,81391
8139,1,9,1,1,2,6,7,7,2,7,5,7,4,7,2,7,6,5,1,6,4,6,6,2,4,6,6,6,6,5,1,7,5,7,1,2,4,7,81391
8139,1,12,5,1,4,6,5,7,1,7,2,7,4,6,3,7,6,5,3,7,4,7,6,1,2,6,6,6,6,6,1,7,4,4,4,2,3,7,81391
8140,0,0,2,5,6,5,6,6,2,5,2,2,6,1,1,4,7,2,4,2,6,3,2,6,2,3,6,2,6,2,6,2,6,1,6,5,6,6,81400
8140,1,0,4,3,2,7,5,3,5,6,3,2,4,5,5,3,6,1,6,5,5,3,2,5,3,4,5,2,7,1,5,6,7,1,6,5,5,5,81401
8140,1,3,5,4,2,6,3,3,5,3,5,2,5,2,3,2,5,1,5,2,4,3,1,5,3,3,5,2,6,2,5,5,5,1,6,4,6,3,81401
8140,1,6,4,3,3,7,3,5,5,5,4,4,3,3,5,3,3,1,2,2,3,5,5,4,2,5,4,3,6,2,3,6,6,1,6,5,6,4,81401
8140,1,9,3,3,2,6,2,4,5,5,5,4,2,2,6,3,3,1,2,5,3,5,6,5,5,5,3,2,6,3,3,6,6,1,6,5,3,6,81401
8140,1,12,3,3,3,6,3,4,5,5,5,2,3,5,6,4,6,1,3,2,3,7,6,6,2,6,5,1,7,2,5,5,7,3,6,6,5,6,81401
8141,0,0,5,1,7,2,7,1,3,1,1,1,7,1,2,1,6,2,7,1,7,1,1,7,2,3,6,2,7,1,6,2,7,1,6,2,6,5,81410
8141,0,6,4,6,6,3,7,5,2,1,1,5,7,4,5,2,6,4,5,1,2,5,4,5,2,2,6,2,5,1,5,1,6,2,5,2,5,3,81410
8141,0,12,2,1,6,1,7,1,2,1,3,1,5,1,2,1,5,2,5,1,6,1,1,6,2,2,6,1,6,2,3,5,6,7,6,5,5,5,81410
8141,1,0,1,3,6,5,7,2,2,5,1,1,7,1,1,1,1,1,1,1,3,1,1,4,1,3,7,1,7,1,7,7,1,5,7,2,7,7,81411
8141,1,9,3,6,5,3,7,5,2,3,4,4,5,5,2,5,5,2,3,2,5,2,2,6,4,2,6,2,7,2,6,4,5,2,6,3,6,3,81411
8142,0,0,2,2,7,5,6,5,2,6,3,7,3,5,2,6,5,6,5,6,5,6,5,2,5,4,7,5,6,2,6,4,4,3,6,5,6,5,81420
8142,0,3,2,5,6,2,5,5,1,5,2,5,4,5,2,5,5,3,4,4,4,5,3,6,5,4,5,4,6,2,6,2,5,4,5,3,4,4,81420
8142,0,6,5,5,6,5,5,5,3,5,2,5,5,5,2,5,6,5,5,4,5,5,5,4,3,5,6,4,5,3,6,3,5,4,4,3,5,3,81420
8142,0,9,5,4,6,4,5,5,3,6,3,5,5,4,4,5,4,4,6,4,4,4,4,4,2,3,7,4,5,2,5,4,5,4,4,4,5,3,81420
8142,0,12,3,3,6,5,4,6,1,4,2,5,5,6,3,3,6,2,6,4,6,3,3,3,3,1,7,5,6,4,6,4,4,3,6,4,5,4,81420
8142,1,0,5,5,4,4,2,5,4,5,5,3,5,3,3,2,5,3,4,3,5,3,5,3,4,5,5,3,6,2,6,2,5,2,6,5,6,7,81421
8142,1,3,6,3,2,4,2,3,5,5,3,4,4,2,4,4,5,3,3,3,4,3,6,5,4,3,3,3,5,3,5,4,5,2,6,5,4,4,81421
8142,1,6,2,4,4,4,3,3,5,4,5,4,3,4,5,4,4,4,5,5,5,3,5,4,4,3,3,3,4,3,5,3,5,3,5,3,5,5,81421
8142,1,9,5,6,4,4,3,3,4,4,4,4,3,3,4,4,3,5,5,3,4,3,4,3,3,2,5,5,6,2,6,2,6,2,6,2,6,2,81421
8143,0,0,4,7,5,1,6,1,2,1,3,1,5,1,1,1,4,1,6,1,5,1,2,7,2,1,5,1,5,1,5,1,7,1,6,1,6,1,81430
8143,1,0,2,7,7,2,7,2,1,5,2,1,7,1,1,3,7,1,6,1,7,1,3,7,1,1,7,1,7,1,5,1,7,1,7,2,7,5,81431
8143,1,3,1,7,7,2,6,1,1,1,1,1,7,1,1,1,7,1,6,1,7,1,1,1,1,1,7,1,7,1,7,1,7,1,7,1,7,1,81431
8143,1,6,1,7,6,5,6,3,1,5,2,1,7,1,1,2,7,1,6,1,7,2,1,6,1,1,7,1,7,1,6,1,7,1,7,1,7,2,81431
8143,1,9,1,7,7,2,7,2,1,2,1,1,7,1,1,1,7,1,6,1,7,1,2,7,1,1,7,1,7,1,7,1,7,1,7,1,7,5,81431
8144,0,0,1,2,7,3,7,5,1,3,1,1,7,7,1,2,7,1,7,1,7,2,1,1,1,1,7,1,7,1,7,1,7,1,7,1,7,1,81440
8144,0,6,1,6,7,1,7,2,1,1,1,4,7,1,1,1,7,1,6,1,7,1,1,7,1,1,7,1,7,1,7,1,7,1,7,1,7,1,81440
8144,1,0,7,2,7,2,7,1,1,3,1,1,7,1,1,3,7,1,6,1,7,1,4,5,1,6,7,1,7,1,6,1,7,1,7,1,7,6,81441
8144,1,3,1,4,7,2,7,1,1,1,1,1,7,1,1,1,7,1,7,1,7,1,1,7,1,2,7,1,7,1,7,1,7,1,7,1,7,2,81441
8145,0,0,1,6,7,2,7,5,1,2,1,1,7,1,1,2,7,4,7,4,7,5,1,6,1,5,7,2,7,1,7,1,7,1,7,1,7,1,81450
8145,0,3,1,3,7,3,7,5,1,4,1,4,7,5,1,3,7,2,7,2,7,5,1,3,1,5,7,1,7,1,7,1,7,1,6,1,6,5,81450
8145,0,6,1,6,7,2,7,5,1,2,1,5,7,4,1,5,7,1,7,2,7,5,1,4,1,5,7,1,7,1,7,1,7,1,7,1,6,1,81450
8145,1,0,5,6,5,2,5,2,4,3,4,2,5,1,3,5,4,1,5,2,5,3,3,4,3,2,6,2,7,1,5,3,6,1,6,2,5,6,81451
8145,1,3,5,6,5,3,5,3,3,3,4,2,5,2,4,3,4,1,5,2,5,3,5,6,3,1,5,1,6,2,3,2,5,1,5,2,5,6,81451
8145,1,6,6,4,3,6,3,3,5,3,6,2,4,3,5,2,1,3,4,2,2,2,5,2,5,1,4,2,5,2,4,2,5,1,5,5,5,7,81451
8145,1,9,6,3,4,3,6,3,4,3,3,2,4,2,3,4,3,2,5,2,5,2,3,4,2,2,6,2,7,1,5,2,6,1,6,2,5,6,81451
8146,0,0,1,7,7,1,7,1,1,1,1,4,7,1,1,1,7,1,4,1,6,1,1,7,1,1,6,1,7,1,1,1,7,5,7,1,6,2,81460
8146,0,3,2,7,7,1,7,1,1,1,1,1,7,1,1,1,6,1,6,1,6,1,1,1,1,1,6,1,6,1,4,1,5,1,6,1,6,3,81460
8146,0,6,2,7,7,5,7,1,1,1,1,1,7,1,1,1,7,1,4,1,6,1,1,6,1,1,5,1,6,1,4,1,6,1,7,1,5,1,81460
8146,0,9,2,7,6,5,7,2,1,1,1,5,6,5,1,1,6,1,6,5,6,1,1,4,1,1,6,1,6,2,7,1,5,1,6,1,5,1,81460
8146,1,0,4,3,5,3,4,5,3,4,5,4,3,2,3,4,5,4,3,4,5,5,4,3,4,4,4,3,4,5,4,3,4,5,4,3,4,5,81461
8146,1,3,4,3,5,4,3,5,3,5,4,3,5,5,3,5,5,5,5,5,5,4,5,4,5,4,4,5,4,5,4,4,5,5,5,5,5,5,81461
8146,1,6,4,5,3,4,4,5,4,3,4,5,4,3,3,3,4,3,4,5,5,5,4,4,4,5,4,5,4,3,4,4,3,4,4,5,3,4,81461
8146,1,9,3,4,4,3,4,5,4,3,2,4,5,3,5,3,5,3,4,2,4,3,5,3,4,3,5,3,4,3,5,4,3,4,4,4,4,4,81461
8147,0,0,2,6,7,2,6,2,2,2,2,2,6,3,2,1,6,1,6,2,6,2,2,7,2,2,6,1,6,3,6,1,6,1,6,1,6,1,81470
8147,0,3,2,6,6,2,5,2,2,2,2,2,6,4,2,2,5,2,6,2,5,2,2,6,2,2,6,2,5,4,6,2,6,2,5,2,5,2,81470
8147,0,6,7,7,7,2,7,2,1,1,1,1,1,2,2,1,6,1,1,1,6,1,3,1,1,1,7,1,6,1,6,1,6,1,6,1,7,1,81470
8147,0,9,2,7,7,1,5,1,1,1,1,2,6,3,3,2,6,1,4,1,6,2,5,7,2,1,6,2,5,4,5,2,5,2,5,1,5,1,81470
8147,1,0,1,1,4,5,5,4,3,2,2,1,5,1,1,3,7,5,4,2,5,5,5,4,2,1,7,2,2,2,6,2,5,2,6,5,6,6,81471
8147,1,3,3,5,6,2,5,3,3,4,5,4,5,3,3,2,5,5,5,2,5,2,4,5,3,1,6,3,5,3,5,3,5,4,5,3,5,5,81471
8147,1,6,1,1,6,1,7,1,1,1,1,1,6,1,1,1,6,3,4,3,5,1,2,3,2,1,5,2,7,2,4,3,7,1,7,1,7,2,81471
8147,1,9,5,5,5,3,7,3,2,2,2,2,5,4,2,2,5,2,5,2,5,3,3,5,2,2,5,2,5,2,4,2,5,3,5,3,5,2,81471
8148,0,0,6,4,5,4,4,4,4,4,4,4,4,4,4,4,4,4,4,4,4,4,4,4,4,4,4,4,4,4,4,4,4,4,4,4,4,4,81480
8148,0,3,2,7,7,1,7,2,1,1,1,1,6,1,1,1,7,1,6,1,5,1,6,6,1,1,6,1,7,1,7,1,7,1,6,1,1,1,81480
8148,1,0,4,5,5,3,3,3,4,4,5,4,3,6,3,2,4,1,3,3,5,3,5,6,2,2,7,1,5,1,3,1,6,2,6,1,6,4,81481
8148,1,3,5,4,5,5,3,4,3,5,4,4,4,5,3,4,5,2,5,4,4,5,4,4,2,4,5,3,6,2,4,2,7,2,6,2,6,5,81481
8149,0,0,1,6,6,4,6,5,2,2,2,3,6,2,1,1,6,1,4,1,6,4,2,6,2,1,6,2,6,1,5,1,6,2,7,1,6,4,81490
8149,0,3,1,6,6,4,4,4,4,2,2,2,6,3,2,2,6,2,5,2,6,2,4,5,2,1,7,2,6,2,5,2,6,5,6,2,6,4,81490
8149,0,6,1,7,6,4,6,3,3,3,2,2,6,2,1,1,7,2,6,1,6,2,1,6,1,1,7,1,7,1,6,1,7,4,7,2,7,5,81490
8149,1,0,1,5,6,4,7,1,1,3,2,1,6,1,1,2,6,1,5,1,6,2,2,2,2,2,5,2,6,2,5,2,6,1,7,1,6,5,81491
8149,1,3,2,4,6,3,7,3,2,2,2,2,6,2,2,2,6,2,4,2,6,2,4,3,2,2,6,2,6,2,4,1,6,2,6,2,7,4,81491
8149,1,6,2,4,6,3,7,6,2,4,2,2,6,2,2,4,6,2,6,2,6,2,2,4,2,2,6,2,6,4,6,2,7,1,7,2,6,5,81491
8150,0,0,3,2,6,5,4,4,5,4,7,3,5,5,3,4,5,3,4,4,5,3,4,4,5,4,5,4,4,4,4,4,5,6,7,7,6,7,81500
8150,0,6,3,4,6,4,3,3,4,4,4,3,5,4,5,3,5,4,4,3,4,3,4,4,3,5,4,4,4,3,4,3,4,4,5,3,4,4,81500
8150,0,9,1,1,1,1,1,1,1,2,3,4,3,3,3,3,4,3,4,3,3,4,3,4,3,2,2,2,2,5,4,3,3,4,3,3,4,3,81500
8150,1,0,4,3,6,5,2,7,2,7,1,1,1,1,1,3,5,6,5,1,2,5,1,3,1,1,7,1,6,1,4,1,7,1,7,5,7,3,81501
8150,1,3,5,3,4,4,5,4,5,5,4,4,4,4,4,4,4,4,4,4,5,4,4,6,2,2,6,4,7,1,1,1,7,7,7,1,6,1,81501
8150,1,6,2,4,6,4,3,5,5,7,2,2,2,2,4,5,6,3,3,4,5,3,3,3,3,3,7,3,6,2,3,3,6,2,6,3,6,4,81501
8150,1,9,4,3,4,6,3,6,6,6,5,3,5,1,5,4,5,4,4,5,4,4,4,4,4,4,4,4,5,5,3,4,5,3,4,5,4,4,81501
8152,0,0,6,4,6,3,7,2,1,2,2,1,7,5,1,3,5,1,6,1,6,1,1,6,1,2,6,1,7,1,6,1,5,1,7,1,6,1,81520
8152,0,3,5,6,6,1,7,5,1,5,2,5,7,2,1,5,5,4,5,2,7,2,2,6,1,2,6,4,5,4,6,1,6,1,7,1,6,1,81520
8152,0,6,4,6,7,3,6,1,1,1,4,5,5,7,1,1,5,4,5,4,5,1,1,6,1,3,5,6,5,2,7,1,6,2,7,1,1,5,81520
8152,1,0,1,4,7,6,7,7,2,3,1,2,7,7,1,2,7,6,5,2,7,2,4,4,1,1,7,2,7,2,6,2,7,2,7,2,5,5,81521
8152,1,3,1,6,7,6,7,5,1,1,1,4,7,5,1,1,6,7,7,1,7,3,2,4,1,1,7,4,7,2,6,6,7,4,7,2,6,6,81521
8153,0,0,7,1,4,4,4,7,5,7,6,7,5,7,4,5,1,1,1,7,4,7,7,1,4,6,5,4,6,7,1,4,5,4,6,7,5,7,81530
8153,0,3,5,4,3,6,5,7,5,4,5,6,1,7,6,6,1,1,1,7,2,7,7,4,4,5,6,4,7,7,4,4,5,5,5,7,4,7,81530
8153,0,6,4,5,2,4,2,4,4,4,4,4,3,7,4,7,2,1,7,7,3,7,7,2,6,6,5,3,6,7,3,4,5,4,6,6,3,7,81530
8153,1,0,6,3,6,5,6,2,1,2,1,1,1,3,1,5,6,2,4,2,6,2,4,5,2,2,7,1,7,2,5,2,6,6,6,2,3,5,81531
8153,1,3,2,2,6,5,5,4,2,5,2,2,3,5,2,5,6,2,5,5,6,4,3,2,2,5,6,2,6,3,6,2,6,5,6,5,6,7,81531
8153,1,6,2,2,6,6,7,5,1,3,2,1,6,2,2,4,6,2,5,4,6,2,2,1,2,2,6,1,7,2,6,2,7,1,7,5,6,6,81531
8154,0,0,1,5,7,1,7,5,1,2,1,1,1,1,1,2,7,1,6,1,7,7,1,7,1,2,7,1,7,1,7,1,7,1,7,1,7,2,81540
8154,0,3,7,3,7,2,7,5,1,3,1,2,7,5,1,1,7,1,6,1,7,1,1,6,1,1,6,1,7,2,6,1,7,1,7,1,2,1,81540
8154,0,6,1,7,1,7,7,1,7,1,1,1,7,1,7,1,7,1,7,1,6,1,1,7,1,1,7,1,7,1,7,1,7,1,7,1,6,1,81540
8154,1,0,1,7,7,1,7,4,1,1,1,1,7,2,1,1,7,1,7,1,7,1,1,7,1,1,7,1,7,1,7,1,7,1,7,1,7,1,81541
8154,1,3,1,6,7,2,6,4,1,1,2,4,6,2,2,2,5,1,6,1,7,2,2,6,1,1,6,2,6,1,6,1,7,1,7,1,6,4,81541
8154,1,6,2,6,6,2,6,4,2,1,1,1,7,2,1,1,7,2,7,1,7,1,1,7,1,1,7,1,7,2,7,1,7,1,7,1,7,4,81541
9800,0,0,5,3,6,5,6,5,3,5,3,5,5,2,4,5,6,5,3,3,6,2,5,3,2,2,4,3,5,2,4,4,5,2,6,5,7,5,98000
9800,1,0,2,5,5,4,6,6,2,6,3,7,7,2,1,6,7,5,4,4,5,5,5,2,2,6,6,5,6,4,4,4,6,2,6,5,4,6,98001
9801,1,0,2,7,6,5,7,6,6,7,7,6,6,5,5,6,5,5,5,4,5,5,5,5,1,1,7,4,5,3,4,3,6,3,5,4,5,3,98011
9998,0,0,4,4,4,4,4,4,4,4,4,4,4,4,4,4,4,4,4,4,4,4,4,4,4,4,4,4,4,4,4,4,4,4,4,4,4,4,99980
9998,0,3,5,5,5,5,5,5,5,6,2,2,3,5,4,4,4,4,3,4,3,2,5,5,5,5,3,3,4,4,4,3,3,5,5,2,5,5,99980
